session_id,tSNE_1,tSNE_2
S0001,12.74596,-2.0937414
S0002,12.979111,-46.530247
S0003,-23.493343,14.4506035
S0004,-17.289288,12.105491
S0005,-51.681183,13.382573
S0006,-28.279747,-14.463132
S0007,-26.99264,-12.358356
S0008,-6.6720095,17.909101
S0009,0.049803484,-22.711464
S0010,21.100296,29.520668
S0011,-27.837503,-40.72437
S0012,15.952021,-22.92668
S0013,-9.656772,23.404099
S0014,14.495868,-39.977364
S0015,20.954866,29.511143
S0016,0.55592144,-23.925137
S0017,-3.1193452,-21.319195
S0018,-44.23133,5.997551
S0019,-47.033947,4.0666394
S0020,47.43821,6.399211
S0021,-8.02514,-6.5537124
S0022,-8.193342,-10.977494
S0023,-10.2949095,-10.701354
S0024,-2.9417913,-22.963572
S0025,20.786505,-42.749336
S0026,-49.381958,13.460368
S0027,18.590569,-36.12721
S0028,10.88799,-33.016598
S0029,10.925092,-30.74213
S0030,0.35208642,-22.425343
S0031,-27.719162,-11.743346
S0032,-9.018914,12.35927
S0033,3.8068166,-47.525547
S0034,-11.38676,-10.713417
S0035,47.77948,14.27957
S0036,44.004803,8.645842
S0037,-9.52232,25.214024
S0038,-1.9041101,11.11139
S0039,14.019651,-1.1498386
S0040,58.693924,7.4143467
S0041,6.5739646,-37.34816
S0042,-46.719204,5.78246
S0043,3.4534879,-50.478825
S0044,20.691345,-12.265851
S0045,-29.800863,-11.498347
S0046,38.21768,15.660702
S0047,46.879898,6.358343
S0048,47.612362,6.209486
S0049,1.0606364,11.751357
S0050,-31.843132,-38.709785
S0051,-5.836251,17.407537
S0052,-43.504906,11.531437
S0053,-25.99475,-41.379353
S0054,10.625871,-31.080286
S0055,-34.182053,9.823617
S0056,-18.97891,23.742174
S0057,42.865013,5.655499
S0058,-52.856586,8.421704
S0059,51.83809,6.05029
S0060,-14.870773,-42.95113
S0061,-5.484716,12.371298
S0062,-23.736336,14.572139
S0063,-43.805637,3.4720173
S0064,6.7652974,48.93346
S0065,-35.563072,6.428876
S0066,-17.739614,28.385092
S0067,50.652794,2.5146782
S0068,-17.637497,-43.364647
S0069,2.1938553,-47.133884
S0070,16.969765,37.6691
S0071,14.415133,43.982838
S0072,-28.738415,-13.459096
S0073,-10.2900715,23.009758
S0074,16.12488,36.98869
S0075,-18.18224,26.788322
S0076,19.237131,-23.481976
S0077,-6.5834665,17.71074
S0078,-12.970426,22.192722
S0079,-17.061274,23.925617
S0080,-29.12386,-13.974593
S0081,-18.118738,-46.408237
S0082,47.949726,4.376298
S0083,15.548792,37.282833
S0084,-10.778616,22.779287
S0085,-53.10669,9.010187
S0086,8.222327,49.047462
S0087,-5.388222,17.346727
S0088,15.757392,-4.533689
S0089,-44.300358,6.002196
S0090,13.37344,-1.752219
S0091,-20.848072,-11.417381
S0092,7.6843634,43.198063
S0093,15.14605,38.542076
S0094,5.5842667,-30.457838
S0095,14.995385,-1.7442417
S0096,-23.599415,14.335797
S0097,-52.531967,11.831775
S0098,11.683521,34.519646
S0099,-30.692898,-41.03028
S0100,2.1164904,12.764234
S0101,-18.031956,-45.593536
S0102,-14.020764,25.163717
S0103,-31.295996,-40.01424
S0104,-29.727316,-11.382387
S0105,-49.404842,0.78577363
S0106,6.2320232,41.0343
S0107,7.3422756,48.625504
S0108,23.703667,-13.2796545
S0109,49.27869,0.48281732
S0110,-31.82745,-39.070805
S0111,-8.900509,16.930998
S0112,14.519657,-49.07207
S0113,-22.66074,13.482721
S0114,17.257322,39.636524
S0115,9.588629,45.312794
S0116,-2.4356117,12.155017
S0117,1.2812078,11.75185
S0118,46.44239,4.903921
S0119,48.24828,7.9043975
S0120,22.106133,-10.341275
S0121,-30.650328,-42.15106
S0122,19.269815,-33.30276
S0123,3.4219837,-50.565643
S0124,-49.41576,7.719938
S0125,38.90662,18.52035
S0126,14.745294,-46.469303
S0127,3.453572,-47.049892
S0128,-7.26818,20.799154
S0129,17.765902,-35.11385
S0130,-46.103313,1.6257184
S0131,3.8760016,-50.582317
S0132,44.844448,9.970111
S0133,24.488007,-6.882239
S0134,1.3467478,-23.286724
S0135,-35.601757,10.657629
S0136,6.4668694,43.149956
S0137,-15.921165,26.184368
S0138,48.96544,7.347839
S0139,-31.18666,-39.93825
S0140,6.3821917,42.392174
S0141,-17.074825,-42.23926
S0142,45.19567,2.8584976
S0143,3.4918091,-47.010296
S0144,56.597805,4.3815
S0145,-0.14112628,13.961965
S0146,2.2361782,-50.909973
S0147,-3.1329443,21.764305
S0148,-11.261862,-11.416012
S0149,45.069492,4.3619366
S0150,-48.46922,1.4694731
S0151,7.2535906,-41.632217
S0152,3.4824355,-47.485374
S0153,19.514261,-2.2018616
S0154,5.6273017,-37.489532
S0155,-49.99648,1.155071
S0156,-5.056075,-37.83994
S0157,-15.336717,-42.543865
S0158,17.26194,42.36309
S0159,6.303845,46.992317
S0160,17.700472,37.4075
S0161,-0.29357696,15.543014
S0162,45.254265,7.2256455
S0163,23.831224,-13.6978035
S0164,23.961777,-42.23035
S0165,43.732773,10.094371
S0166,14.055128,40.74812
S0167,18.85642,-33.53377
S0168,-26.717415,-41.53123
S0169,25.589842,-9.655524
S0170,-35.365574,7.0132833
S0171,43.95266,4.754126
S0172,-27.630253,-15.555812
S0173,0.27354258,12.374888
S0174,-5.75168,19.788607
S0175,20.405424,30.820915
S0176,49.82423,9.091993
S0177,-15.501419,-42.142582
S0178,-14.964928,31.570475
S0179,-53.11032,6.84182
S0180,-2.9269302,-21.382639
S0181,48.445503,9.331905
S0182,-13.238148,25.595745
S0183,56.29769,4.190463
S0184,12.345646,49.74886
S0185,18.181496,-35.607708
S0186,-18.079355,28.810268
S0187,26.817625,-9.717508
S0188,0.43662605,11.525405
S0189,20.852509,-11.59415
S0190,15.917674,-22.765865
S0191,-43.200127,3.87158
S0192,22.823742,-11.394409
S0193,0.12021838,-23.065046
S0194,24.199677,-42.701065
S0195,-18.286184,-42.16284
S0196,49.80577,1.269718
S0197,23.516659,-13.614194
S0198,11.687887,42.442196
S0199,-8.612771,16.518087
S0200,-14.357722,30.05121
S0201,20.65881,-14.474468
S0202,0.35096034,14.075415
S0203,-51.480152,13.434613
S0204,-8.293898,15.343797
S0205,-28.818089,-12.969108
S0206,-26.870989,-41.085007
S0207,46.030113,11.252166
S0208,-32.96588,9.000477
S0209,15.713314,44.041523
S0210,-18.202759,-42.98548
S0211,4.7091727,43.017345
S0212,-16.931944,-46.078613
S0213,-35.88784,6.7016807
S0214,10.267598,-31.121271
S0215,58.345688,6.7947464
S0216,17.474451,39.550667
S0217,-5.6411085,-38.3626
S0218,-34.962864,7.126871
S0219,23.716942,-42.967926
S0220,8.000894,46.28721
S0221,5.6150336,-37.46868
S0222,-8.465412,-5.4918427
S0223,-2.077222,15.289785
S0224,-46.90552,1.7020408
S0225,7.3862705,43.17605
S0226,-16.61107,28.415165
S0227,8.734285,42.075584
S0228,47.13609,2.999827
S0229,16.188665,-23.687996
S0230,0.56189847,-24.417679
S0231,-15.615313,-43.255577
S0232,-50.48906,3.633218
S0233,-49.947548,11.765114
S0234,-30.342163,-12.6530485
S0235,19.698582,-0.07681084
S0236,-21.032288,-11.2304735
S0237,-4.8226967,-37.09429
S0238,12.540492,-32.92185
S0239,19.119757,-22.937365
S0240,12.996389,-48.5273
S0241,-49.212116,1.6166832
S0242,24.426865,-8.489942
S0243,-30.008394,-14.603868
S0244,9.456754,43.339024
S0245,-0.22037517,16.632357
S0246,-8.518431,11.540674
S0247,4.727607,-29.491333
S0248,-27.846243,-12.890253
S0249,-11.607152,-11.177014
S0250,-0.07269835,15.792443
S0251,25.315779,-9.422116
S0252,52.117504,8.473908
S0253,-3.027404,-21.904331
S0254,-33.05998,9.433464
S0255,27.023611,-9.836339
S0256,-27.43283,-15.8821945
S0257,51.991867,5.3216925
S0258,-50.628582,12.33185
S0259,23.496304,-11.55868
S0260,-16.98928,-39.8828
S0261,-33.014683,-38.458477
S0262,5.610923,41.306797
S0263,-44.616302,6.103603
S0264,-20.488907,-12.660966
S0265,0.3706528,-22.410366
S0266,25.041277,-6.676222
S0267,-48.364105,14.733368
S0268,12.008346,49.69648
S0269,-26.769445,-37.907227
S0270,-26.703314,-12.749852
S0271,13.720748,40.23541
S0272,5.8075743,47.525265
S0273,52.602093,4.120963
S0274,15.134827,-41.689808
S0275,-20.825811,-11.285784
S0276,1.3301433,-49.71318
S0277,-5.465755,-38.051422
S0278,5.9234333,-35.605484
S0279,12.421392,49.267956
S0280,14.493496,-39.990276
S0281,-29.30685,-11.082616
S0282,18.340267,-35.814125
S0283,11.813897,-32.98802
S0284,-13.678815,24.067053
S0285,57.84849,5.5439987
S0286,-14.905831,31.739204
S0287,6.7926717,42.518658
S0288,10.2779045,-31.127777
S0289,15.5627,42.59144
S0290,14.624539,-48.663143
S0291,-17.445377,23.586992
S0292,12.654223,-1.8298142
S0293,4.6724296,47.715855
S0294,24.364294,-42.709694
S0295,-33.23964,7.2713394
S0296,-26.688568,-13.059169
S0297,-34.485138,12.484853
S0298,2.4627116,-50.078926
S0299,-10.292896,-8.938236
S0300,-44.203045,16.603405
S0301,-43.5058,11.63337
S0302,-7.098127,10.941539
S0303,-2.317009,-38.453175
S0304,-26.633694,-14.564949
S0305,20.053925,29.481665
S0306,52.76891,6.574698
S0307,2.235298,-50.83371
S0308,23.960306,-12.355091
S0309,-13.500872,31.660059
S0310,44.274143,11.501621
S0311,-17.667519,12.226271
S0312,12.515346,-48.904648
S0313,-10.101581,22.534979
S0314,-50.812553,4.3677473
S0315,-21.820812,-11.997458
S0316,-42.35081,10.747815
S0317,-45.99508,14.944628
S0318,-49.160748,9.140021
S0319,41.22755,8.292645
S0320,-17.989368,-45.493523
S0321,-8.777368,-10.150691
S0322,-20.288387,-14.57684
S0323,-8.979312,17.081846
S0324,18.185772,1.2790045
S0325,-18.547834,24.975403
S0326,15.5549135,-21.688255
S0327,17.32185,42.487263
S0328,5.28291,-30.230093
S0329,43.936333,4.61301
S0330,51.460148,5.9686174
S0331,19.891926,-34.541077
S0332,-18.694262,-41.646828
S0333,7.812772,-42.265972
S0334,18.421385,-0.47199342
S0335,-35.31721,7.1399603
S0336,25.399065,-9.251423
S0337,13.904729,49.638233
S0338,20.27615,42.60895
S0339,-50.156044,14.160314
S0340,-13.78341,22.847912
S0341,38.483658,16.861046
S0342,-50.5484,1.7296839
S0343,18.738672,0.17835492
S0344,-31.4665,-40.140995
S0345,26.964252,-9.533006
S0346,-27.234552,-40.4762
S0347,6.453204,40.3191
S0348,-6.020685,-5.8411984
S0349,47.55581,14.252267
S0350,-26.641912,-12.18278
S0351,47.44543,14.01069
S0352,-1.6517842,14.546783
S0353,18.56762,39.496956
S0354,-30.458168,-14.235606
S0355,-28.075603,-37.604477
S0356,-4.060946,17.835695
S0357,-22.979832,15.2766695
S0358,-26.737526,-13.218628
S0359,-12.741034,29.425102
S0360,48.289436,2.0853121
S0361,-42.609917,10.705224
S0362,-18.013033,-40.57432
S0363,25.11614,-7.686257
S0364,19.732662,-33.987526
S0365,-20.98019,-15.208605
S0366,-31.381754,-38.50726
S0367,37.713345,15.746457
S0368,-51.272324,0.9211349
S0369,18.442053,39.166252
S0370,-0.1713951,-23.60266
S0371,43.82722,7.587822
S0372,21.62426,-10.696259
S0373,-17.101408,-42.460976
S0374,13.099081,-1.7875394
S0375,-30.199339,-13.813381
S0376,-43.64391,14.818514
S0377,5.6209745,-35.804718
S0378,2.3380158,-50.10583
S0379,2.7011385,-46.863308
S0380,7.9840584,50.61298
S0381,20.996267,-43.84502
S0382,1.5525923,-21.65249
S0383,-33.029915,-39.059326
S0384,-10.507136,-12.253277
S0385,-1.0793469,16.370823
S0386,52.084915,3.8136375
S0387,19.565655,-2.1256664
S0388,20.805643,-10.537706
S0389,43.411316,4.555827
S0390,-18.791233,-39.714035
S0391,-22.46021,16.147764
S0392,23.51362,-12.178208
S0393,20.147753,-34.793392
S0394,-45.944157,14.164224
S0395,4.591897,-29.831753
S0396,-34.48701,12.090466
S0397,5.7079253,49.20498
S0398,19.095968,-19.915262
S0399,3.8452256,-51.04181
S0400,-13.750046,24.173607
S0401,-27.487799,-41.298954
S0402,-46.24375,11.733872
S0403,24.377155,-43.150223
S0404,21.1721,-43.54801
S0405,19.896215,39.72032
S0406,-31.538204,-41.342236
S0407,-43.05018,11.059276
S0408,20.436117,30.636763
S0409,52.894394,4.614645
S0410,19.164345,-23.689005
S0411,-22.455929,-13.144678
S0412,51.392334,6.3005176
S0413,19.790112,-0.2649388
S0414,47.986256,6.8552217
S0415,-12.740129,26.150854
S0416,-50.802364,0.9661823
S0417,42.3506,6.808433
S0418,-17.224047,-46.808056
S0419,-44.064445,13.69841
S0420,15.392389,-40.849285
S0421,46.697586,13.9567375
S0422,-48.362183,15.56934
S0423,49.832623,9.141507
S0424,-49.30082,4.7967525
S0425,-9.68052,-10.566704
S0426,-31.323652,-42.30955
S0427,-10.937846,-11.410852
S0428,-0.26248246,12.391695
S0429,10.958274,34.763184
S0430,1.3430886,-22.667606
S0431,-0.7630096,11.91851
S0432,43.85178,6.444064
S0433,14.120906,43.351063
S0434,45.84854,4.5593586
S0435,-33.538433,9.748784
S0436,-46.718697,2.0345092
S0437,18.380411,-2.0582995
S0438,15.235858,37.171017
S0439,48.220768,1.8433673
S0440,-17.135746,-46.85229
S0441,-19.425873,-14.721866
S0442,-48.523468,4.089031
S0443,8.349245,50.884167
S0444,14.746576,-46.47859
S0445,13.182758,41.89276
S0446,-7.156959,-7.5287633
S0447,-10.495216,-12.408827
S0448,-42.678856,13.17169
S0449,21.883247,-11.267761
S0450,0.33135733,-24.426867
S0451,-5.1992016,12.8190565
S0452,0.599093,11.347186
S0453,5.6387057,42.408928
S0454,-29.286898,-11.953936
S0455,-8.54345,-10.815339
S0456,26.132626,-8.881297
S0457,5.8048816,-30.03048
S0458,21.569786,-10.41768
S0459,47.96826,3.486023
S0460,46.479504,1.6293381
S0461,-20.242672,15.755436
S0462,39.08479,17.419628
S0463,20.05938,40.30895
S0464,-43.36023,10.5694895
S0465,45.065304,5.5037837
S0466,-35.344822,7.6610804
S0467,-45.249252,14.279021
S0468,-21.3528,-13.275993
S0469,-13.470846,31.500006
S0470,-3.5027134,-20.288021
S0471,44.951565,7.1784563
S0472,-19.861366,-12.712233
S0473,5.161871,43.798252
S0474,52.568092,7.8875594
S0475,-51.89106,8.356258
S0476,-2.386572,21.526913
S0477,-6.841983,18.29897
S0478,46.684685,13.581679
S0479,-7.571051,18.90994
S0480,-50.799038,3.9696245
S0481,6.498498,-41.77254
S0482,-7.841896,15.984876
S0483,-5.3485384,-6.080138
S0484,23.02437,-40.748158
S0485,-23.379316,16.0477
S0486,-2.3471398,15.187963
S0487,40.716766,8.994146
S0488,23.464605,-40.655495
S0489,18.955057,-33.873646
S0490,-43.51701,10.551892
S0491,58.496597,7.900549
S0492,16.371181,-3.0919917
S0493,0.7141008,-21.61323
S0494,15.03069,-48.663918
S0495,21.286226,-44.21755
S0496,-45.08002,15.894884
S0497,-51.401096,12.478667
S0498,45.360565,12.619371
S0499,-4.129912,-36.55794
S0500,-16.801413,-39.895065
S0501,-2.4917002,21.963694
S0502,-3.5166166,-20.704891
S0503,-33.207108,6.8369265
S0504,12.56226,48.7347
S0505,-43.902122,10.904902
S0506,12.534347,-48.511734
S0507,20.221336,42.237072
S0508,-13.817503,26.371216
S0509,-49.626457,11.810449
S0510,4.2143755,-29.209568
S0511,-48.257545,15.566684
S0512,-21.41576,24.388952
S0513,12.9717655,-49.13277
S0514,15.276665,-41.210415
S0515,-32.84721,-38.72426
S0516,-9.741839,26.142944
S0517,47.519,6.868504
S0518,-43.132797,3.4972353
S0519,2.0796711,-47.19814
S0520,5.8845744,-29.926699
S0521,12.533903,-32.915394
S0522,-27.26551,-40.230816
S0523,-27.990007,-38.148834
S0524,-15.941435,26.196136
S0525,24.220877,-6.9305143
S0526,-19.03234,11.260497
S0527,-51.106422,12.953218
S0528,-31.347586,-38.3618
S0529,10.24313,44.63853
S0530,-19.14986,24.936235
S0531,15.275491,-40.974556
S0532,57.5695,5.3832126
S0533,-30.63405,-11.649775
S0534,12.302641,-32.93544
S0535,-51.069584,1.3815031
S0536,-29.80442,-11.328444
S0537,12.4120035,-30.867718
S0538,25.265656,-8.954578
S0539,-8.72503,-6.2803187
S0540,9.412063,43.411568
S0541,-3.20318,-21.315857
S0542,20.866062,-14.792887
S0543,42.694603,8.586707
S0544,1.8792698,11.621725
S0545,18.972157,-21.383427
S0546,-18.874191,-41.750847
S0547,-44.278873,15.676757
S0548,-33.925,9.029408
S0549,-47.90701,3.7837262
S0550,45.69654,4.4864097
S0551,-1.6957946,12.63566
S0552,12.984187,-49.065105
S0553,-47.650608,1.4558467
S0554,3.842553,-31.283472
S0555,-17.999113,28.795265
S0556,58.48679,7.7551074
S0557,49.80072,6.6585855
S0558,18.676365,-22.023024
S0559,-19.194668,-46.127613
S0560,51.119354,4.0377555
S0561,49.97788,1.1341164
S0562,5.075094,43.260853
S0563,-45.159065,16.789167
S0564,20.774822,-42.275417
S0565,-19.849768,24.782837
S0566,45.90143,13.017738
S0567,-22.70324,15.87009
S0568,-52.654804,8.278524
S0569,-27.820501,-37.419117
S0570,-46.15467,4.1822405
S0571,-50.74233,11.955394
S0572,46.562874,1.5301323
S0573,-3.3068452,-39.946392
S0574,-26.684265,-40.488647
S0575,57.819504,5.5097346
S0576,-32.351593,-40.35283
S0577,-13.388964,21.914072
S0578,4.7163577,42.996185
S0579,7.1822925,48.011284
S0580,-28.57307,-15.914946
S0581,20.877895,-13.8963375
S0582,-49.916122,13.892386
S0583,12.887998,-46.591904
S0584,-7.1589394,-6.0880055
S0585,23.275711,-41.74108
S0586,-0.7971624,14.925881
S0587,-19.262756,26.013842
S0588,-26.50639,-41.671455
S0589,14.736011,44.2533
S0590,21.628458,-44.046036
S0591,-3.640791,18.750107
S0592,15.783714,42.428898
S0593,38.551266,18.546064
S0594,24.5888,-8.281665
S0595,-9.641034,24.32699
S0596,-2.5207393,-38.711075
S0597,49.549633,6.501877
S0598,-45.95884,4.692253
S0599,13.34495,42.607086
S0600,42.03616,9.013426
S0601,-50.81113,3.7361698
S0602,-8.950381,16.939976
S0603,-20.858557,-14.547722
S0604,-18.413954,-47.313732
S0605,5.6632457,-35.77026
S0606,-18.204084,26.707151
S0607,-2.9373662,-22.927591
S0608,-10.668343,26.953695
S0609,23.57952,-41.031437
S0610,-51.09884,1.4508559
S0611,17.81495,42.802628
S0612,-44.474457,6.0634995
S0613,12.442135,49.81788
S0614,0.8928825,-23.327475
S0615,-43.123352,13.08021
S0616,-16.61457,-40.452644
S0617,-8.350487,15.659617
S0618,-13.562583,22.803873
S0619,-13.618837,26.274534
S0620,-20.280268,-13.635375
S0621,15.320921,-40.842525
S0622,20.254253,-35.00633
S0623,18.966211,0.86974454
S0624,42.996925,7.123584
S0625,-34.481216,11.365039
S0626,-15.674105,31.694386
S0627,-31.261847,-42.375217
S0628,14.529232,-1.4555793
S0629,17.927341,37.68489
S0630,-13.307379,22.782677
S0631,-18.113977,26.750692
S0632,-10.449339,-10.5902
S0633,19.282272,41.512634
S0634,15.172857,-3.3321543
S0635,-16.879908,28.14787
S0636,-1.9222878,11.191576
S0637,-17.97612,12.970621
S0638,-4.569007,19.650305
S0639,7.2906723,44.62316
S0640,3.005806,-47.33296
S0641,12.524566,-48.970997
S0642,-18.576523,-46.818142
S0643,-33.471706,7.535493
S0644,12.949474,-49.266632
S0645,1.497757,12.791257
S0646,-16.905333,-39.597504
S0647,14.069106,-48.582096
S0648,-27.835453,-13.196886
S0649,7.3691545,45.488903
S0650,-45.980644,6.8825207
S0651,8.699471,44.08008
S0652,-2.9982305,22.83037
S0653,10.155913,35.17782
S0654,58.420696,8.184187
S0655,46.474117,13.051237
S0656,-28.228245,-12.278804
S0657,-11.236499,-10.842514
S0658,1.7479478,-49.732414
S0659,38.786278,17.328794
S0660,-4.8857875,-37.092125
S0661,48.19466,9.155639
S0662,18.70977,-20.752369
S0663,-28.817497,-11.60847
S0664,-48.41235,3.7984369
S0665,-12.469807,26.747791
S0666,-10.603409,-10.294794
S0667,13.318394,-0.98686826
S0668,-2.7150953,21.736301
S0669,-7.499105,-7.0015364
S0670,18.473785,42.2236
S0671,38.362427,15.952087
S0672,20.106298,30.276377
S0673,-8.033974,17.456882
S0674,19.8052,41.07245
S0675,7.3208747,49.918037
S0676,13.707065,39.278767
S0677,15.98084,43.28002
S0678,-50.414204,1.4615954
S0679,50.689217,10.074007
S0680,50.039288,10.8349695
S0681,-19.939281,-13.710305
S0682,-30.54902,-42.5459
S0683,19.174055,30.431795
S0684,24.554562,-43.25894
S0685,-42.858177,14.942353
S0686,44.632214,6.9890113
S0687,-3.0313327,-39.52136
S0688,-0.8824136,15.96898
S0689,14.465884,-2.7838702
S0690,21.118725,-12.108324
S0691,4.707572,-31.695215
S0692,-8.639297,11.387215
S0693,-46.079258,1.4454622
S0694,-21.987484,-14.782065
S0695,-2.8374245,12.206843
S0696,-9.449104,22.754087
S0697,2.5443776,-49.80116
S0698,17.742466,-35.11253
S0699,14.449751,-40.097878
S0700,-30.417883,-41.60649
S0701,46.239178,4.7596607
S0702,-15.941097,-42.51989
S0703,11.419354,34.58042
S0704,-9.843067,26.133892
S0705,-50.495453,14.351367
S0706,51.611526,3.5817823
S0707,51.536808,3.5067587
S0708,-45.702553,4.0051074
S0709,15.4291725,37.393795
S0710,-47.856247,1.110069
S0711,-18.041105,12.9873905
S0712,-13.472914,31.662693
S0713,49.006622,0.9110077
S0714,15.686699,-21.965124
S0715,5.7038417,40.736553
S0716,11.000941,42.27565
S0717,24.013767,-7.3183956
S0718,14.346796,36.75966
S0719,-20.781012,11.870949
S0720,20.135035,29.93801
S0721,-48.166737,15.487462
S0722,-10.913181,-9.105215
S0723,-17.183708,-45.982166
S0724,19.051973,-33.87203
S0725,22.877613,-10.872927
S0726,46.880856,11.038778
S0727,15.394781,39.046024
S0728,-10.923376,-11.358709
S0729,4.8559203,46.701626
S0730,-4.0186434,-36.45934
S0731,45.58054,11.793811
S0732,-18.563845,28.48187
S0733,14.366221,-46.40619
S0734,-43.820557,11.76687
S0735,19.989737,39.776108
S0736,19.021872,42.624084
S0737,12.861866,49.71615
S0738,-5.8506637,17.461504
S0739,-46.601364,5.854324
S0740,46.101,13.210006
S0741,6.2824464,46.621113
S0742,-5.423287,12.389193
S0743,-1.0456548,14.978677
S0744,-21.983465,-11.75795
S0745,17.687883,0.2541895
S0746,49.430283,2.3493254
S0747,-45.665215,10.343448
S0748,15.003317,36.0541
S0749,19.590424,-33.572983
S0750,14.245525,-4.670081
S0751,-5.7439513,-37.653618
S0752,19.832968,40.106113
S0753,20.814445,-42.74947
S0754,21.43964,-43.826496
S0755,-8.370786,17.92571
S0756,-49.678654,11.806653
S0757,20.754591,30.351215
S0758,11.48657,-33.00109
S0759,40.564404,8.788801
S0760,6.7298007,47.00012
S0761,42.85873,7.122358
S0762,6.298296,-35.507442
S0763,-21.44241,24.388824
S0764,14.231864,41.254128
S0765,-18.70615,-41.335793
S0766,-20.977972,-14.99533
S0767,52.50862,6.8976064
S0768,12.804276,39.35282
S0769,-9.063812,-4.9081697
S0770,41.486378,8.835359
S0771,15.954723,-3.915014
S0772,-12.481638,26.82049
S0773,-4.873829,12.681136
S0774,-8.769305,11.847651
S0775,-9.519164,26.612057
S0776,-27.550362,-11.060275
S0777,2.103159,-50.291477
S0778,19.839321,-0.012768688
S0779,-18.307795,-41.77158
S0780,37.984978,17.237047
S0781,41.758682,9.052599
S0782,14.336037,-4.248028
S0783,49.862682,11.50983
S0784,-23.287176,14.927066
S0785,-17.291094,-42.12402
S0786,-44.04686,9.597888
S0787,-16.070957,-41.71297
S0788,4.3879266,-29.371023
S0789,-50.90694,11.115533
S0790,-48.73571,7.997104
S0791,-34.520374,12.712056
S0792,18.838053,-1.4562383
S0793,23.684414,-11.782242
S0794,-29.337254,-12.587628
S0795,-19.583525,15.521805
S0796,10.242987,-31.120005
S0797,-7.9903827,-11.204586
S0798,4.107398,-29.336514
S0799,15.805376,39.397877
S0800,-44.658417,15.105454
S0801,18.796795,-23.570759
S0802,-49.520557,7.6494575
S0803,-25.69921,-41.295383
S0804,-10.045554,-9.751238
S0805,37.528324,15.964146
S0806,10.15315,35.23242
S0807,-47.092606,1.01805
S0808,13.219287,-46.507732
S0809,58.267784,6.496478
S0810,40.606544,7.691259
S0811,52.366173,4.4910965
S0812,12.251588,-30.756317
S0813,50.726288,10.019342
S0814,13.521433,-49.093357
S0815,49.342957,11.887398
S0816,-29.099497,-13.613931
S0817,20.001799,29.177465
S0818,7.822684,-42.283314
S0819,-20.103382,-15.561347
S0820,18.572418,39.834843
S0821,-22.189808,13.910638
S0822,21.47832,-10.303676
S0823,-4.32467,17.767805
S0824,20.222286,29.611694
S0825,-46.746082,5.2376986
S0826,-45.898067,14.431418
S0827,18.759052,0.35432747
S0828,-0.2295104,-24.18368
S0829,-13.363223,22.659126
S0830,3.4304113,-47.5154
S0831,-32.51333,-38.88909
S0832,-45.76694,10.296135
S0833,-53.145405,6.8391213
S0834,15.6510935,-21.964645
S0835,47.01623,9.615297
S0836,-50.804104,1.5245703
S0837,-11.588963,-10.361687
S0838,-7.117576,20.547596
S0839,-3.4283488,-20.904245
S0840,-33.4878,7.6032476
S0841,-18.92511,11.721597
S0842,49.02039,10.333048
S0843,-3.473258,-40.082302
S0844,-42.46721,14.186318
S0845,26.757908,-9.295536
S0846,-6.4809346,-7.131367
S0847,25.857035,-8.131613
S0848,24.0932,-7.8843813
S0849,3.3334253,-51.065536
S0850,19.109936,40.540283
S0851,-30.77207,-38.210087
S0852,-43.815586,3.460299
S0853,25.409662,-9.109287
S0854,12.783943,48.75442
S0855,-1.3198701,19.21431
S0856,-15.862264,26.216469
S0857,5.386905,48.8361
S0858,-7.507493,-7.1267176
S0859,-8.815332,-6.7893753
S0860,-19.107702,-46.75481
S0861,7.9613996,46.96293
S0862,14.909485,-2.2289054
S0863,47.57459,13.7028265
S0864,-19.475262,-12.946168
S0865,-26.991491,-41.565804
S0866,13.708713,49.940582
S0867,-5.226504,17.198923
S0868,-32.06287,-41.569717
S0869,-21.766249,-11.098944
S0870,-31.53502,-41.434227
S0871,14.032994,-46.43714
S0872,-42.06604,13.288445
S0873,-42.324493,13.870277
S0874,2.6616986,-46.91153
S0875,6.018541,45.50407
S0876,18.204012,1.0501966
S0877,48.312992,2.010474
S0878,4.40671,-31.530676
S0879,16.336668,-23.584297
S0880,7.2917647,48.576702
S0881,47.77381,0.42615405
S0882,46.91161,11.081911
S0883,-19.165379,14.177231
S0884,-28.254316,-37.470955
S0885,21.896473,-12.047533
S0886,-45.19736,7.059122
S0887,-28.14387,-13.552933
S0888,-14.535812,30.546446
S0889,-17.801804,-41.081436
S0890,21.143198,29.145275
S0891,-27.736536,-15.24666
S0892,-18.22246,26.504993
S0893,-5.7182603,21.04872
S0894,13.054653,41.1269
S0895,-15.726963,31.718954
S0896,-8.646409,-6.08168
S0897,-43.209915,3.748512
S0898,-5.0570574,-37.918842
S0899,4.2385263,43.763885
S0900,-51.44295,8.602622
S0901,48.357956,9.245317
S0902,10.166541,35.32027
S0903,-28.629593,-11.471639
S0904,-31.744429,-40.150597
S0905,19.338425,-23.398232
S0906,-6.833609,11.212907
S0907,12.06885,-30.9242
S0908,7.485903,44.924126
S0909,-6.592069,20.77086
S0910,-5.1110926,-37.732822
S0911,-6.64699,-7.827861
S0912,0.11173358,-22.007242
S0913,38.57729,18.514507
S0914,-2.3781078,21.529469
S0915,19.905144,42.643543
S0916,-19.781277,-14.700112
S0917,-44.99098,14.305068
S0918,-27.120596,-37.60596
S0919,-19.026094,11.428654
S0920,8.03221,46.37226
S0921,24.039827,-42.18379
S0922,14.337634,37.112762
S0923,-18.904272,-41.03886
S0924,-21.839052,-14.742003
S0925,-23.53437,14.290534
S0926,-6.425716,19.493177
S0927,49.886738,10.889655
S0928,42.60725,10.094758
S0929,-1.298696,13.183576
S0930,15.600651,39.893017
S0931,4.4474726,44.616894
S0932,18.30609,-35.757687
S0933,47.132996,13.375941
S0934,-3.5432203,-40.213852
S0935,15.628188,-4.1535277
S0936,-21.24165,16.58559
S0937,-4.6160445,-37.455418
S0938,23.499372,-13.603775
S0939,38.739357,18.521378
S0940,-49.88898,3.9967046
S0941,3.9614007,-31.346973
S0942,49.116116,7.6309032
S0943,-19.62926,12.974877
S0944,52.76038,5.2374673
S0945,44.979813,7.086496
S0946,-43.415794,14.540741
S0947,44.60671,3.889701
S0948,23.889845,-41.67032
S0949,19.14328,-21.983648
S0950,-30.23009,-41.71662
S0951,14.083348,-49.143127
S0952,48.760532,1.7312871
S0953,7.633583,49.82607
S0954,-4.2764106,19.411812
S0955,5.049088,48.65825
S0956,-10.134629,26.933865
S0957,5.4460244,-35.768753
S0958,24.09275,-43.533287
S0959,-5.434571,-6.0883594
S0960,-0.6420283,16.35861
S0961,-18.05076,-47.02536
S0962,14.056911,44.88032
S0963,11.661659,-30.996853
S0964,-7.5782285,18.933683
S0965,-44.785778,15.3331585
S0966,-19.221392,24.052408
S0967,-18.651028,-41.1308
S0968,52.82459,7.7314014
S0969,-2.2170522,12.387286
S0970,15.549406,38.68449
S0971,50.899582,10.395019
S0972,40.796413,9.179822
S0973,16.200098,-23.662079
S0974,50.80452,9.705012
S0975,24.063097,-43.479534
S0976,-30.844543,-12.878526
S0977,56.448906,4.27718
S0978,16.525923,40.151974
S0979,-15.282536,31.598022
S0980,11.637701,42.4126
S0981,46.472107,2.3483572
S0982,-5.351179,20.339962
S0983,-29.834618,-14.871351
S0984,23.565231,-42.438213
S0985,0.07635695,-23.062817
S0986,-13.188577,30.181635
S0987,-51.031467,8.782777
S0988,-7.8025594,-6.3530374
S0989,-17.191895,-46.75909
S0990,11.058122,34.94972
S0991,-16.505478,-40.725346
S0992,-10.758547,-8.570302
S0993,5.64305,47.279194
S0994,14.250245,-4.2234507
S0995,6.5569277,-37.284374
S0996,51.05456,4.0347996
S0997,-22.33954,16.587023
S0998,20.209923,0.6474633
S0999,23.988094,-41.559834
S1000,-51.260254,12.37413
S1001,-46.00714,1.1536776
S1002,-2.1951632,15.674387
S1003,17.778791,-35.162205
S1004,-43.73108,13.665474
S1005,45.576748,10.075371
S1006,50.620934,7.105477
S1007,-18.030132,-45.92962
S1008,51.518143,2.7161095
S1009,-49.348545,7.764787
S1010,-5.4648447,12.403591
S1011,-16.98323,23.494839
S1012,51.754147,2.857146
S1013,44.2043,5.046428
S1014,15.926277,-22.768728
S1015,19.157614,-20.700722
S1016,6.332814,46.701195
S1017,19.907417,-33.864017
S1018,-26.093317,-40.82661
S1019,-48.532524,3.6000667
S1020,44.404503,9.651281
S1021,20.815573,-41.84145
S1022,52.18556,6.503812
S1023,19.561626,-34.09395
S1024,-22.139507,-13.935459
S1025,-26.471378,-16.2013
S1026,19.084099,-33.371296
S1027,17.33675,39.241
S1028,14.063973,40.782993
S1029,-2.5038838,15.320553
S1030,21.503904,-44.267742
S1031,-19.140726,-46.065754
S1032,-17.492054,-41.344944
S1033,-13.968286,26.006937
S1034,11.861207,49.76294
S1035,24.563662,-7.031457
S1036,-1.3717968,10.890943
S1037,-45.901974,5.128773
S1038,-50.067085,1.4875706
S1039,-3.9437742,-36.830887
S1040,-13.45825,25.47599
S1041,-46.341003,12.47535
S1042,17.2918,0.9137681
S1043,-16.937344,28.8878
S1044,5.057789,46.33695
S1045,-36.64243,7.241758
S1046,23.868855,-43.373978
S1047,-8.116404,-5.718015
S1048,1.8954033,11.628923
S1049,13.058186,-48.4968
S1050,17.730347,40.221127
S1051,-18.781794,-39.772488
S1052,-30.672913,-42.1518
S1053,19.28679,-20.695435
S1054,-13.571683,26.672815
S1055,0.4404721,12.5550995
S1056,7.952047,43.562187
S1057,-18.983791,11.463349
S1058,9.2427025,35.44692
S1059,-8.031847,19.344606
S1060,-2.9429495,-22.89959
S1061,18.796535,-23.556292
S1062,-8.906766,12.187509
S1063,-10.918697,-9.7029085
S1064,38.5186,16.498096
S1065,-29.469358,-13.1434145
S1066,-5.1927037,-6.879508
S1067,16.16836,36.530872
S1068,45.916027,10.363355
S1069,15.156289,-41.826946
S1070,-29.339388,-12.543018
S1071,-19.111513,14.137589
S1072,13.665364,-3.5924392
S1073,-34.688377,11.330369
S1074,11.936983,-30.744944
S1075,-45.884464,10.885188
S1076,20.898148,-14.141115
S1077,-3.7014441,18.27657
S1078,47.437786,8.373508
S1079,5.203805,46.58649
S1080,11.520772,-33.03723
S1081,13.732232,37.75938
S1082,-43.84329,13.322535
S1083,2.1296017,12.315331
S1084,16.460318,38.68421
S1085,-16.826298,-40.36297
S1086,19.335367,-19.885326
S1087,-27.215458,-11.162657
S1088,5.092277,-29.627974
S1089,57.899506,5.531862
S1090,-6.327818,-6.7108603
S1091,-8.926032,-11.139992
S1092,-34.481712,12.625239
S1093,-5.122161,-6.9884057
S1094,10.46873,43.64454
S1095,-3.5870655,-40.285538
S1096,0.88723505,-23.302822
S1097,-46.185596,10.478585
S1098,-1.9865198,11.365208
S1099,-23.276081,14.837367
S1100,23.93745,-41.521507
S1101,-43.24455,13.417732
S1102,-19.716032,12.8184805
S1103,-15.212389,27.64646
S1104,-47.800735,1.5955501
S1105,-51.628056,13.282658
S1106,-16.018644,-42.39202
S1107,-2.500455,-38.73558
S1108,-33.06509,9.475333
S1109,17.354836,37.83006
S1110,-18.169878,29.032
S1111,-19.143635,-47.092243
S1112,-17.241272,-45.917294
S1113,50.034584,10.819179
S1114,-17.866121,29.449747
S1115,-18.14394,24.877834
S1116,12.869124,38.517418
S1117,4.745404,45.98607
S1118,-1.2887912,11.7784
S1119,-21.996754,-11.597233
S1120,-9.785598,26.045435
S1121,-10.981825,-11.050529
S1122,37.78897,16.738356
S1123,19.465153,-22.904455
S1124,-32.323303,-38.453495
S1125,19.161182,0.59668607
S1126,-0.7980637,13.428923
S1127,5.8745112,-37.413906
S1128,18.761038,29.255209
S1129,13.750134,-2.5001116
S1130,23.569721,-40.632225
S1131,20.05843,29.044382
S1132,6.3737,-37.31513
S1133,16.071693,-23.332727
S1134,-19.300766,23.960732
S1135,-17.206144,-46.317432
S1136,-27.533777,-37.856625
S1137,-27.753906,-15.613081
S1138,-2.3034954,-38.426125
S1139,11.305014,42.272957
S1140,-19.004837,-45.703915
S1141,11.431005,44.532646
S1142,9.395851,44.477146
S1143,-49.385506,9.102223
S1144,9.242421,45.29064
S1145,18.822857,-20.193165
S1146,-43.263454,3.1696723
S1147,25.297915,-8.358293
S1148,-26.78263,-40.534042
S1149,-50.598583,14.348805
S1150,-17.002384,-42.65134
S1151,-15.809645,26.588808
S1152,-6.934716,20.375937
S1153,-53.032,6.772081
S1154,15.913553,39.993626
S1155,6.4057884,40.90433
S1156,-16.530987,28.797548
S1157,13.778309,49.383415
S1158,14.819014,-1.4280461
S1159,18.88527,-0.98068756
S1160,-3.2869406,-39.899857
S1161,-7.0561485,11.018405
S1162,14.468123,-2.7795985
S1163,-52.166504,8.40996
S1164,-53.167816,9.154259
S1165,-27.192316,-11.287566
S1166,47.935253,3.608878
S1167,-29.423447,-15.979826
S1168,-48.500244,3.6805632
S1169,-51.539734,1.2233868
S1170,4.6277814,48.47383
S1171,18.022291,0.69611657
S1172,-27.051395,-12.520252
S1173,-4.654119,19.655546
S1174,-46.61504,12.243125
S1175,-22.048683,16.558537
S1176,18.594702,-22.61946
S1177,56.552032,4.3442345
S1178,50.310425,1.6558973
S1179,19.71697,-0.5241834
S1180,25.532692,-8.0688095
S1181,10.88799,-33.079914
S1182,50.143898,2.2987332
S1183,-27.15153,-41.689964
S1184,-8.137669,-5.318462
S1185,18.549839,-22.588278
S1186,14.970431,-48.94818
S1187,-51.82997,8.230053
S1188,14.433482,41.209915
S1189,18.769093,29.268524
S1190,-22.253563,16.527964
S1191,6.513233,-41.77319
S1192,12.5446415,-32.918552
S1193,20.7174,-41.97993
S1194,-48.40914,4.7479086
S1195,23.64631,-14.048152
S1196,-9.579558,23.497034
S1197,20.493416,30.617474
S1198,-9.252566,-4.9438057
S1199,11.371513,35.088886
S1200,-22.1249,-13.877025
S1201,-44.96709,15.54166
S1202,-16.265095,28.241665
S1203,19.480011,-21.957718
S1204,15.325529,-1.9461478
S1205,5.1794143,-35.91593
S1206,-28.11583,-13.713637
S1207,-4.0440297,-36.624107
S1208,4.135349,43.492104
S1209,-9.515588,12.923515
S1210,17.577154,42.64058
S1211,41.853138,7.843061
S1212,-31.772852,7.7414823
S1213,-3.2375894,-20.199503
S1214,58.507393,7.5049376
S1215,5.2012177,41.4746
S1216,-47.203995,5.409333
S1217,-26.463032,-14.703776
S1218,-11.869905,26.971933
S1219,1.2677696,-49.953827
S1220,5.1853957,-35.924877
S1221,-35.549313,11.21928
S1222,2.334211,-50.440285
S1223,-45.862545,5.0952225
S1224,7.454743,-42.03267
S1225,1.7510682,-49.76458
S1226,-5.573421,-7.3062863
S1227,21.515259,-43.582882
S1228,13.515143,-49.03684
S1229,-49.766827,7.531975
S1230,13.657724,37.836693
S1231,-9.184397,-6.3160195
S1232,-5.3945413,-6.1809006
S1233,-49.479507,3.7711878
S1234,5.5994434,-30.501928
S1235,-8.833597,-10.161342
S1236,-9.274906,-9.738573
S1237,4.5279465,44.462215
S1238,5.987982,-30.336678
S1239,-33.026493,10.361664
S1240,14.9234295,-4.5209007
S1241,15.219563,-41.21541
S1242,37.624336,16.304026
S1243,-13.706465,22.160349
S1244,0.9715822,-22.060806
S1245,16.190182,-4.555426
S1246,51.309193,9.090367
S1247,5.150772,48.57952
S1248,-3.4636528,18.652643
S1249,11.211802,-31.073462
S1250,51.91308,3.9582093
S1251,1.365171,-22.53379
S1252,21.996069,-12.410469
S1253,43.52263,9.9790535
S1254,-30.460236,-13.725917
S1255,11.249946,-31.089865
S1256,20.827969,-13.96411
S1257,-33.87737,10.961038
S1258,14.441622,43.754894
S1259,15.006352,-1.3482726
S1260,14.077911,-48.64251
S1261,-27.444088,-38.02992
S1262,19.04297,-23.359083
S1263,-7.2567058,18.559994
S1264,16.389212,40.28526
S1265,21.066467,-42.747795
S1266,47.45659,0.6217373
S1267,38.296566,15.696515
S1268,-34.692604,10.059037
S1269,-2.4763613,21.886393
S1270,1.0072517,-23.953302
S1271,14.140908,-46.476482
S1272,-44.85766,2.4152348
S1273,25.789686,-7.3120675
S1274,-44.202816,9.447889
S1275,7.849421,-42.29389
S1276,-8.325716,-10.41532
S1277,40.857662,7.8359685
S1278,-10.383653,26.95546
S1279,-28.744043,-15.890329
S1280,-2.3065646,-38.429672
S1281,-18.813238,23.698725
S1282,-44.107716,16.567528
S1283,14.423265,41.83697
S1284,-25.813276,-40.324593
S1285,4.179872,-29.162607
S1286,-44.656467,16.133883
S1287,10.061203,44.110424
S1288,-17.962307,13.67205
S1289,17.655416,-0.44071597
S1290,13.035403,41.30861
S1291,-7.3257313,-7.314529
S1292,10.966947,34.97769
S1293,38.83736,17.34783
S1294,-3.8082972,-36.905117
S1295,-47.045456,1.1187061
S1296,47.370472,13.6580305
S1297,23.095388,-40.732315
S1298,48.364323,12.041149
S1299,-5.7465377,-6.6015697
S1300,48.89798,2.8508916
S1301,6.459401,-41.766766
S1302,19.048857,-21.30672
S1303,-32.364536,-38.874996
S1304,-19.096216,25.494793
S1305,19.563322,-22.328957
S1306,-8.842859,-10.366564
S1307,58.463566,7.3207984
S1308,-18.762175,24.96831
S1309,46.62043,4.8335705
S1310,45.010357,9.626571
S1311,-42.459476,10.657287
S1312,5.8361244,-37.408485
S1313,-11.097701,-9.561527
S1314,3.3366468,-51.050053
S1315,15.647299,-21.954798
S1316,1.2236942,-22.62913
S1317,-47.63395,1.7073921
S1318,-15.797162,-43.103195
S1319,19.659924,-33.966557
S1320,-10.0694275,22.554802
S1321,0.2862294,-24.447803
S1322,19.319826,-33.65324
S1323,23.552944,-40.61113
S1324,6.813775,44.225468
S1325,-1.0489296,18.869268
S1326,-43.927986,15.8616085
S1327,-2.9476209,-22.983484
S1328,-16.774431,-46.562943
S1329,-18.047457,11.589227
S1330,-12.422409,26.287027
S1331,15.0726185,-48.98978
S1332,-3.9469233,-36.739513
S1333,1.2874755,-49.986267
S1334,2.9405005,-50.25634
S1335,19.525036,-20.631557
S1336,-7.139614,16.467909
S1337,-35.693493,8.24165
S1338,13.917951,-3.8424253
S1339,-0.5478216,13.649406
S1340,-18.340944,26.404747
S1341,-14.842716,31.560457
S1342,-21.459143,-12.978295
S1343,16.203642,-23.738375
S1344,21.179052,-14.65636
S1345,-17.323473,27.312595
S1346,-6.604753,-6.878595
S1347,-12.467397,25.859156
S1348,-20.33795,-14.533537
S1349,-8.354409,17.96336
S1350,3.811525,-47.51828
S1351,-8.236475,17.654982
S1352,40.678432,7.813281
S1353,-18.391754,-42.646027
S1354,-34.722057,8.604899
S1355,-5.271654,-37.399075
S1356,-48.21845,15.549478
S1357,23.905464,-12.744523
S1358,-28.902962,-14.717352
S1359,17.741833,0.7159902
S1360,18.500845,39.488613
S1361,-21.363804,24.336222
S1362,-2.3395886,15.0772915
S1363,-20.458153,-12.158812
S1364,-45.350883,5.910545
S1365,-16.766079,26.650518
S1366,21.02105,-43.773243
S1367,-3.0642848,-22.15272
S1368,25.447832,-7.1885347
S1369,-35.788013,7.632724
S1370,-6.3722024,11.779595
S1371,19.873302,0.10845686
S1372,-43.462887,3.9387822
S1373,-53.36718,8.976106
S1374,8.777893,44.46117
S1375,-45.383137,16.038218
S1376,-50.197598,3.897413
S1377,-8.290101,15.236801
S1378,18.424196,-0.7324321
S1379,-30.636332,-40.906704
S1380,-31.370256,-42.56653
S1381,-13.07407,30.051363
S1382,46.688244,10.935958
S1383,13.545948,37.648838
S1384,21.063608,-14.844967
S1385,11.649297,49.80987
S1386,-31.502834,-41.370777
S1387,6.270521,43.626076
S1388,-9.745345,22.677628
S1389,15.700638,41.625557
S1390,-13.666779,25.433445
S1391,-22.1894,13.986054
S1392,0.18912959,16.196806
S1393,-26.48905,-16.211874
S1394,-19.519806,-13.730936
S1395,1.9865334,11.912756
S1396,13.935115,-2.7284055
S1397,0.591283,-21.539444
S1398,1.624476,12.820662
S1399,13.627762,43.00438
S1400,5.044605,41.86497
S1401,-27.161026,-37.961037
S1402,18.382597,-2.0962992
S1403,0.36488122,16.474888
S1404,-13.3989525,26.520445
S1405,49.62626,3.5202975
S1406,-32.31764,8.627052
S1407,15.01874,37.991035
S1408,-5.011982,13.418054
S1409,-15.749419,-42.195446
S1410,-21.866245,-15.301923
S1411,5.8014264,45.00823
S1412,-9.490778,22.76692
S1413,13.593885,38.34892
S1414,17.491392,0.9666503
S1415,2.9145436,-47.44755
S1416,-34.756985,11.390198
S1417,20.712685,-42.33239
S1418,-48.84689,9.188234
S1419,9.129413,44.704502
S1420,-25.698025,-41.121597
S1421,5.327865,48.777664
S1422,49.54546,8.267612
S1423,-34.70669,10.044667
S1424,-18.496906,25.780373
S1425,-12.11777,22.267029
S1426,-30.789675,-38.69781
S1427,-6.8057694,18.093847
S1428,10.588774,-31.041931
S1429,-20.46849,-13.372409
S1430,14.75458,-4.438088
S1431,-0.23824865,-24.192415
S1432,21.134027,-12.5625
S1433,41.290936,9.1045885
S1434,17.003569,42.32486
S1435,-37.012596,7.1244993
S1436,-31.594707,7.4312043
S1437,5.073285,-29.632019
S1438,15.046171,-48.69499
S1439,48.908386,9.883296
S1440,-3.008493,-20.809755
S1441,24.0149,-13.162693
S1442,-19.234697,13.876974
S1443,0.6507436,-22.127426
S1444,-21.253452,16.485775
S1445,38.01427,17.246962
S1446,40.800877,7.073685
S1447,44.416233,10.683572
S1448,-0.81478345,13.442749
S1449,-1.8272257,11.681533
S1450,5.731987,-35.68889
S1451,19.813543,40.28889
S1452,14.4876795,-2.0864236
S1453,6.441671,49.739532
S1454,-19.027239,24.51827
S1455,20.26205,0.75603294
S1456,23.112753,-11.761587
S1457,1.6323612,-50.541004
S1458,-7.237472,10.710355
S1459,3.523544,-50.274498
S1460,-46.109642,4.464886
S1461,-9.404959,-5.237663
S1462,41.283226,7.392489
S1463,-27.025297,-37.75266
S1464,-20.7265,11.851126
S1465,-44.05817,3.040403
S1466,14.2669525,-3.9917202
S1467,-20.26561,15.704572
S1468,13.3842,-1.5139122
S1469,-11.140701,22.65557
S1470,20.30314,42.55021
S1471,49.12528,4.4782324
S1472,14.772832,-46.477306
S1473,-9.493523,13.019362
S1474,-31.245619,-41.102177
S1475,10.352527,35.763855
S1476,-30.02885,-14.583132
S1477,-3.0801916,-20.424427
S1478,-46.49746,12.064465
S1479,-21.13728,16.56791
S1480,-3.031826,-20.832792
S1481,44.93112,7.178414
S1482,-7.6255064,16.960453
S1483,5.2611566,-30.26049
S1484,48.179035,0.5458035
S1485,-20.779278,-13.966487
S1486,22.871237,-11.519864
S1487,-2.508699,-38.77505
S1488,7.0801005,47.45592
S1489,11.511954,-30.817352
S1490,49.028877,4.546977
S1491,19.51801,-20.385803
S1492,-5.950696,20.438541
S1493,48.148403,1.7821372
S1494,24.816938,-9.102624
S1495,-9.230097,-4.8629065
S1496,-27.962717,-37.495758
S1497,1.3301355,-23.291174
S1498,-31.327682,-38.919945
S1499,2.0821028,-47.16503
S1500,21.055473,-12.088131
