session_id,PC1,PC2,PC3
S0001,0.6324244120679139,-0.45146201498312766,-1.0222447856215024
S0002,0.7558377835061024,-1.2855435650453837,1.8096116739901755
S0003,-2.9138611846062408,1.1240193003776668,0.5629674243949703
S0004,-2.3642343044746994,1.0300073420426819,0.4159487918099176
S0005,-2.850275781793112,1.6898347162132539,0.24694748862057314
S0006,-0.35464917110225785,-0.6411379844537963,-0.8860982305363638
S0007,-0.24484101518842505,-0.8349543914904033,-0.860434047186071
S0008,-2.781148155362208,0.4859807987384472,-0.03653842923384029
S0009,0.40695051677751143,-1.8025972153982157,0.5014609536929417
S0010,2.595941687203468,1.5670070865217725,0.16617709298976663
S0011,0.1993422205991715,-0.7336916388003669,-1.3197270873847877
S0012,0.7834660770541229,-1.9007839909676778,0.4769865554350269
S0013,-3.3919995609211493,1.2349324748850603,0.1448234562067373
S0014,0.8129345646636329,-1.713087702573309,1.457657767275046
S0015,2.4654951661074986,1.490643587209082,0.18270473613277655
S0016,0.45240056833715386,-1.8160342996603522,0.7272765611400847
S0017,0.36408879171089437,-1.7991453612532542,0.33834765312239434
S0018,-2.2981448261530963,0.32484339165791637,0.009968448160467047
S0019,-2.160820861880706,0.46657761400428016,0.09539447796710587
S0020,2.65089127839957,1.1422578072527463,-0.2622714039049636
S0021,0.24024282398174818,-0.9052806693702604,-0.9205158082789715
S0022,0.3144181323802182,-1.3201371638967543,-0.7092908484415774
S0023,0.06176493959901789,-1.1925651395503594,-1.0284836630912608
S0024,0.7305378493302027,-1.8671551450125283,0.7793962737763938
S0025,0.6114647668647127,-1.7538198247297636,0.9812493422097648
S0026,-2.5911610618585,0.904064764198219,0.2823698331978397
S0027,0.3520307002845287,-1.6422395800000642,0.7065153623108349
S0028,0.7006740475524946,-1.642098124589062,0.41503791358988856
S0029,1.037195213340791,-1.4401487942502667,0.6742811980049417
S0030,-0.024161822268702553,-1.9110963817546187,0.5632452404484207
S0031,-0.27554791376513743,-0.6278745642969314,-0.689426987620922
S0032,-2.2751967738474566,0.8636829041762679,-0.35346676344551214
S0033,0.5193968012768093,-1.4459707932170964,1.024892681213145
S0034,0.04944050534045081,-0.7870795035728965,-0.9239508888121526
S0035,3.419699233828399,2.0732793059934655,0.04810182960144575
S0036,2.8083337167907074,1.232616615738586,-0.004752378611208419
S0037,-2.964367003112924,1.4614660865195286,-0.01863587417481291
S0038,-2.4240095966046664,0.7382441187133469,-0.22968330545534887
S0039,0.7079843833722304,-1.1365836929543638,-1.4202167096439302
S0040,3.2259728722259875,1.2378929155526208,0.31609782099990624
S0041,0.9590057461577806,-1.282602459898643,0.8989334931548161
S0042,-2.5577882643363252,0.8401073196860696,0.18380775103167862
S0043,0.5553256841689623,-1.6798699126985976,1.080362238728137
S0044,0.24340870491359573,-1.2530884823176225,-1.0355824590905176
S0045,-0.21901915486487464,-0.7319470581964712,-1.2421115328715873
S0046,2.830162867079207,1.3364003355631284,0.47743227634780794
S0047,2.5251673151877756,1.1566570574881672,-0.18961041871851403
S0048,2.6615318296015777,1.3279156146882034,-0.3559825423649368
S0049,-1.8946765806240657,-0.04069872122039803,-0.1510819857250535
S0050,0.13289866971625625,-0.8603255444042165,-0.9793092308916871
S0051,-2.554713895563918,0.4192977166331387,-0.15606318017680115
S0052,-3.0471335246504787,1.3098155340320496,0.4866859116021565
S0053,-0.2067195298140062,-1.1411939518873755,-0.5887939440319083
S0054,0.7227060567085131,-1.669912486228161,0.6048759376541686
S0055,-2.713476805042657,1.3616080343379064,1.0301375438549674
S0056,-3.464307006392439,1.2010458881917465,0.3016717756495842
S0057,2.5443774607228145,0.8027201566093477,-0.12169737221312482
S0058,-2.6594175308235064,1.040340146000657,0.4738403779192143
S0059,2.5634131859513043,1.5792518441432515,-0.6973703025827747
S0060,0.06621653540469993,-1.6684338200157285,-0.30165430887254974
S0061,-2.439218736579665,0.4758150114695715,-0.0834425236837818
S0062,-2.7125739066433403,0.8793201807183754,0.41296620326627886
S0063,-1.8492154282554139,0.45416557488680004,-0.02162376747667344
S0064,2.498475826231511,1.4918948881338294,-0.3287292913878849
S0065,-1.565513122578975,0.3089541992958446,0.6800407064485634
S0066,-3.3226583520477466,1.0697637366737753,-0.15447100356383875
S0067,2.542623614455637,1.2227174770627975,-0.7411276226731001
S0068,-0.16993537696247588,-1.2475108920920905,-0.6028192177825766
S0069,0.11735323479339431,-1.688766646844547,0.44432594401068537
S0070,3.0315252066778986,1.4015432464986848,0.46327446620847734
S0071,2.9738119427999856,1.8251204213860182,0.1612363452116465
S0072,-0.23190165635751245,-0.7131731535200233,-0.8336984053116585
S0073,-3.3318745091182893,0.9496783274169064,0.22112376229697217
S0074,2.8108863891387896,1.3085924308266224,0.8556141961377473
S0075,-3.2365607448590175,1.1917870087556979,0.1522914971557398
S0076,0.7009482797103035,-1.724847570294302,0.8211954016461127
S0077,-2.8417404093396157,0.32595060970992223,-0.023852034981606235
S0078,-3.24365406997585,0.6432231567500106,0.09565381248808386
S0079,-3.7933475744981275,1.4215741029304543,-0.061895340891895245
S0080,-0.46029211345304205,-0.7805285829495515,-0.9685463757196049
S0081,-0.3113652977418308,-0.8608540025657353,-0.8861676707238593
S0082,2.577749883434041,1.1642928901069753,-0.49160510772427807
S0083,2.597319025466544,1.2839367353846267,0.7202531651301987
S0084,-3.2005729283774804,1.1278576497573378,-0.09013691080486175
S0085,-2.562219578717552,1.0758112141959255,0.2575939987140473
S0086,2.756092981341055,1.7914558407675556,-0.13258281873027616
S0087,-2.418963618794789,0.41191881674952785,-0.24502195873525362
S0088,-0.03310707195085672,-1.0507531335998763,-0.41607659095219646
S0089,-2.3393556884677253,0.31011118886991024,0.08726148931487276
S0090,0.7258575315094526,-0.8088533358997074,-1.2304904166006458
S0091,0.24199499883322778,-0.9170141881705111,-1.1272380976878633
S0092,2.454569903841201,1.21695723086737,-0.07954609301004928
S0093,2.5831111015682215,1.2534915454538451,0.5676387442969258
S0094,0.2866950729833822,-1.6273604428972543,0.8258553999208655
S0095,0.5420471825278832,-1.256175814765911,-0.9922147390312739
S0096,-2.9273250595643234,0.7507533114093431,0.3650727344410581
S0097,-3.1902544247615783,1.5702988685540546,0.3356881373876027
S0098,2.5986983667363903,0.9795289412408639,0.9588433492136124
S0099,-0.2997785598792517,-0.9011811263442633,-1.0023158687362732
S0100,-1.7977906651974551,-0.19181379039199298,-0.2274096032490175
S0101,-0.019726760173421558,-0.7985177075445403,-0.7293491504891021
S0102,-2.443801357578858,0.5579477911617249,-0.12726706887078598
S0103,-0.09210042499622924,-0.9067167784820233,-0.9108767765896808
S0104,-0.052623658073676645,-0.6167055117757252,-1.1463190621540196
S0105,-2.348612200267737,0.4964312829503123,0.3081001000665783
S0106,2.2805474926213782,0.933902771843005,0.24646320420370438
S0107,2.666111178198376,1.567535778827962,-0.2644791350659473
S0108,0.0925539975238141,-1.1119500825217066,-0.5870560157388673
S0109,2.3525699206372046,0.5924477118771805,-0.7492753405761856
S0110,0.2374306363066529,-1.0364096332761408,-0.7574715590005805
S0111,-2.265392162558721,0.5089587754350052,-0.20406333553140016
S0112,0.35725323852871504,-1.6105626586439408,1.2236342463874101
S0113,-2.734116167974413,1.008584205349479,0.35424216750374016
S0114,2.8970488626512783,1.6464099843296105,0.5508243646843192
S0115,2.5745159651137755,1.7330984122392872,-0.16564714091546423
S0116,-2.583534987485987,0.6019864345203881,0.0004973902210003989
S0117,-1.7801587610366694,0.006314242723993621,-0.15499470060206683
S0118,2.558037842422727,1.0783350309638944,-0.14501611487513766
S0119,2.584578330604698,1.2286396634600605,-0.05757576223673816
S0120,0.3857216471758009,-0.7660949548331614,-1.0067139067022646
S0121,-0.33584923923772797,-0.6391908087594993,-0.779785836297485
S0122,1.0671184032028378,-1.5856418979172178,1.3244894135914886
S0123,0.4096533283785739,-1.7201787746766817,1.1557242826584553
S0124,-1.664823725359516,0.3674259550897644,0.04402926255279506
S0125,2.3814934327876274,1.4642569717486698,-0.6627041893281151
S0126,0.39122517255630807,-1.5397323146318083,0.9455360392982206
S0127,0.6506628959573518,-1.7013601121388473,0.7757691475948687
S0128,-3.1262384617108316,0.6694384709051596,-0.00240529352916663
S0129,1.0731574302598386,-1.8944604407418584,1.4026985464783495
S0130,-1.7009616284190598,0.1777405758470747,0.27451081637494035
S0131,0.7241566818840219,-1.5743303574161853,1.1638727711963857
S0132,2.9129166689770982,1.4723372401269357,-0.05327563010009012
S0133,0.3406615481264176,-1.0414238652793866,-0.7747858438809987
S0134,0.44364505439007657,-2.014622264363167,0.6467719850424551
S0135,-2.6663638192805217,0.9875807597254824,0.9385441554779634
S0136,2.1205525303905577,1.134308788311035,0.00010684317567152823
S0137,-2.6388608380745864,0.8226698079052607,0.016659771198470286
S0138,2.7835062147320695,1.4179023772301176,-0.34447066563539847
S0139,-0.07110410906723764,-0.9040925391314032,-1.1145725756832285
S0140,2.181977939090824,1.1611489545364275,0.04921655996040755
S0141,0.14732934023707756,-1.241227863062847,-0.7368753252493268
S0142,2.401487281200493,0.8174667617644417,-0.1728638545065302
S0143,0.6049995887472658,-1.6771114748524236,0.8910155781439506
S0144,2.4699386845195934,1.1463820824906934,-0.5450948602785013
S0145,-2.105714024551599,0.34695915180002096,0.0322512788530771
S0146,0.5150740102043831,-1.723782504841512,0.7783312836365699
S0147,-2.6599780029534266,0.5691955899687406,0.03605878003294105
S0148,0.12761705596751788,-0.9306828722814317,-0.7828638652368214
S0149,2.7643150302557316,1.0125123034158046,-0.4272889497671191
S0150,-2.1164044319334896,0.8071537289557857,0.08441100191738815
S0151,0.6543167995930526,-1.434258675372842,1.1596735732093937
S0152,0.4368587752974803,-1.3865216342535138,0.8774071545002915
S0153,-0.055378327790655886,-0.3782340978924831,-1.4453331251669306
S0154,0.49087351663277734,-1.4220200512186465,0.5349841947040519
S0155,-2.538733955634307,0.6890269874009582,0.47639153192156397
S0156,0.20893516786260585,-1.9387333305161267,0.5042473054484684
S0157,0.29720946422475353,-1.3999843901256652,-0.42731222805242114
S0158,2.7231998276183713,1.8269212907368964,0.4803043534602105
S0159,2.4331158730621665,1.4769841828989825,-0.24565941229224503
S0160,3.1363414831301837,1.2712874725319034,0.7179420977248578
S0161,-2.3347890865755727,0.3929558142216126,-0.19039358284690616
S0162,2.6590925798105793,1.191040223676923,-0.08344532017755973
S0163,-0.12109133699734188,-1.2280997942009264,-0.4218131535373189
S0164,0.22241345692113845,-1.637738832591368,1.041516627915253
S0165,2.901049527592305,1.408747726727591,0.08643518728757463
S0166,2.8818513158723347,1.424305271356657,0.4324487835589307
S0167,0.9356131399681681,-1.6119631272423989,1.4142661606976463
S0168,0.17922368944958583,-0.8874725087709211,-0.6545614704098828
S0169,-0.24140385391934258,-0.8572089598680641,-0.8880587785464347
S0170,-1.9160005436988237,0.3736125231833211,0.6540653419331766
S0171,2.7644755410332746,0.8540994185613165,-0.1760200312873949
S0172,-0.3845848251712755,-1.0754232970718707,-0.5653762112277989
S0173,-1.9721175953635597,0.2889181662767169,-0.12354552866947677
S0174,-2.672778730540823,1.2113641991998982,-0.32364225591884443
S0175,2.729782891736511,1.3732216197623337,1.001186078819357
S0176,2.640765166100969,1.67111166742463,-0.2676526052293903
S0177,0.4697923803948287,-1.4087336130592294,-0.5959592676416419
S0178,-2.804278917473237,1.2837908647729557,-0.25017786672967623
S0179,-2.233233795887866,0.7694182514870148,0.1988145591278525
S0180,0.2276814763630446,-1.7444244505501425,0.46325189351418117
S0181,2.663443817471346,1.5314534465379328,-0.05080713047208879
S0182,-2.6447750000532415,0.5142617632644676,-0.14266356808741065
S0183,2.469241185380538,1.4098007957747005,-0.7186019918412843
S0184,2.4263839505839093,1.1670418355385563,-0.15453306812352996
S0185,0.7108771946017723,-1.5626303950979603,1.0995483380458915
S0186,-3.2836894400237475,1.2889276515736858,0.08293794438171098
S0187,-0.10770500410899818,-0.804153078091754,-0.4005925682543057
S0188,-1.897931971277904,0.18466093103056574,-0.1861387939806431
S0189,0.3607661751894122,-1.138051733245449,-1.202369026201133
S0190,0.6339137507900563,-1.5735492000386686,0.4504030623595223
S0191,-2.003316642464097,0.5243635688499433,0.10668924212915637
S0192,0.13669361630948007,-0.8195633183715095,-0.7201465289692652
S0193,0.14469918800065923,-1.7911408720697013,0.657209854187571
S0194,0.1599880831650834,-1.5354170641191567,0.8823436770001973
S0195,-0.007904116526329075,-1.2580535024757475,-0.7959169374473782
S0196,2.266445644340964,0.9108302939401184,-0.7458602344864804
S0197,0.16188313278032002,-1.1646234530867783,-0.40640753938406254
S0198,2.6020331595729957,1.4791942192392962,0.1294686479267664
S0199,-2.3942677585014134,0.38518720579635507,-0.17979724914900502
S0200,-2.6854036030612347,0.43050526580644477,-0.2552762546658325
S0201,0.120711377169468,-1.43547340330697,-0.37857884375582246
S0202,-2.376228298656026,0.09855466606204895,-0.14470169181808795
S0203,-2.7142271041197903,1.5540400556446232,0.07486545958754005
S0204,-2.036028691022241,0.23068428104984184,-0.4385432574435855
S0205,-0.1174724659395981,-0.552927905194891,-0.9612439377979538
S0206,-0.18697747624838978,-1.0408201383417905,-0.9249288556101471
S0207,3.0718217329728965,1.2932828505252774,0.22219701339106968
S0208,-2.9201562775324486,1.1718304050625734,1.1957286979222828
S0209,2.8858346113945603,1.9284120899377917,0.25258941272705926
S0210,-0.3206597418066886,-1.1885285851816385,-0.4899036486341269
S0211,2.3952315960817643,0.843082310522069,-0.2143552232532992
S0212,-0.06710648039173583,-0.9090751036947282,-1.0647774281038884
S0213,-1.7118412142855255,0.3821386948527519,0.6443812001286273
S0214,0.6970819013056777,-1.7398571427966614,0.44783121823401967
S0215,2.8362093914519177,1.2644518770264574,0.02089333593368603
S0216,2.9811434065961775,1.5977016735084208,0.542066907756237
S0217,0.023504954752833353,-2.134515404905881,0.22960159985432543
S0218,-1.7456841168677164,0.9740317448188349,0.7170749894185502
S0219,0.28812928541502897,-1.7382755700469361,0.8389781723351537
S0220,2.5715808032564853,1.2026740770443145,0.03845568825989146
S0221,0.6398458432867453,-1.444035902064035,0.3726233927486987
S0222,-0.10244989131509931,-0.49958469506697045,-1.0508637156680514
S0223,-2.712015527813595,0.8264743429825435,-0.06591001058382018
S0224,-1.9120594136006008,0.4204713829406737,0.157001281431092
S0225,2.3137843655796684,1.2555756157325226,0.04296292750537492
S0226,-2.8525960497909177,0.8700401365118667,-0.14595068484453427
S0227,2.7815168099421355,1.1813667427873173,-0.05839991732271549
S0228,2.548717563449875,1.0249966194731719,-0.4967394558743607
S0229,0.8828276031814488,-1.852994224723785,0.8275290523572452
S0230,0.6598854687323488,-1.9002045156498724,0.796230239416216
S0231,0.04800441997208422,-1.7420005147936237,-0.6724063831243818
S0232,-2.803223778621231,1.3858164376450044,0.5102614747361631
S0233,-2.1664215861581386,1.0167508877023828,0.11835473784450008
S0234,0.14888077769050367,-0.905028729891723,-0.8351407940618094
S0235,-0.08348948096456017,-0.636365851057937,-0.79354444922654
S0236,0.3755189306783206,-0.6473965030713611,-1.0550222327557794
S0237,0.6088461047592393,-1.8602231335616914,0.45276511144954074
S0238,1.0543204049977692,-1.2369358818518346,1.20625627006533
S0239,0.6338889772395551,-1.8265208357509428,0.729521926296899
S0240,0.7615113992675749,-1.4804220798477299,1.590994840057707
S0241,-2.1228578992885447,1.0640734479589788,0.2744431338281778
S0242,-0.0487237304248559,-0.6888825426705162,-1.2113569711602858
S0243,-0.3153850957899908,-0.9148828379135063,-0.9977477828585688
S0244,2.4703778335668156,1.3807932179015925,0.16697498867841512
S0245,-2.3524493844826986,0.3626583305404219,-0.14029494186817165
S0246,-2.1195963268245857,0.22598007213522595,-0.16466003792591394
S0247,0.8599443202385757,-1.7565171516676936,1.1933643692719478
S0248,-0.047705896110230246,-0.6897452235568806,-1.164432140642916
S0249,0.29558092722374296,-0.8787129869970494,-0.7365864398315511
S0250,-2.3500463423177167,0.2581143495654607,-0.04974268953392297
S0251,-0.256195526294901,-0.7290125918648375,-0.9693622104725077
S0252,2.879556900013513,1.5520855551699175,-0.44055899808054727
S0253,0.38984719420410774,-1.7554521617921335,0.47595192581330814
S0254,-3.182344042648098,1.3329296830966635,0.886892278327494
S0255,-0.35318817709903183,-0.7340952492380562,-0.3986642803750777
S0256,-0.41125831241793215,-1.2497642283657417,-0.4291556165016919
S0257,2.3235322753694883,1.5274803139883928,-0.7962999623065585
S0258,-2.6093710540348436,0.859078162349139,0.33030392325854596
S0259,-0.08347504294648285,-0.7596106331342412,-0.9404269828490259
S0260,0.5341991846081665,-1.0469663545142096,-1.249674417695859
S0261,-0.2296434668145355,-0.9433914244349473,-0.839021188089413
S0262,2.083758732741985,0.7373559050591817,0.15628007270596975
S0263,-2.3585981869307786,0.6595349007848667,0.17687907168006306
S0264,0.01298958252727495,-0.970857805407744,-0.883720387969771
S0265,0.04730805604374356,-1.7888074014961557,0.4997833068034175
S0266,0.02769889690540745,-1.2748626635173925,-1.0108881691436091
S0267,-2.616675193073891,1.3287005401013228,0.30277400200326965
S0268,2.4065128072884754,1.395977008838218,-0.15148356755069026
S0269,0.2896269225329763,-1.6106957418876326,-0.9828078511923504
S0270,-0.33931806416060856,-0.7939141454524188,-0.9958448573817018
S0271,2.873227708641923,1.2093686149851044,0.5004884708735466
S0272,2.3851378367111775,1.3764493596578156,-0.3772670534483051
S0273,2.383492029816514,1.330115781379245,-0.6899955927000971
S0274,0.6336579278680585,-1.6522406718218545,0.5262749510983571
S0275,0.41889539124263114,-0.746343524795183,-1.013445744904457
S0276,0.02025446868901571,-1.5662002474991197,0.42476115386693086
S0277,0.19907686281708764,-1.8110118014231993,0.25130344942407973
S0278,0.6691937108723618,-1.7718338844515875,1.0968193249669889
S0279,2.434586660488342,1.372304399550988,-0.06797755819270301
S0280,0.902721408679656,-1.8403775091955417,1.3794046065566576
S0281,0.09298492374097084,-0.7518059407522636,-0.9823339846880834
S0282,0.6459090580843935,-1.7486658754030862,0.9418548022802817
S0283,1.0076563399733558,-1.522483527604769,0.9480612669555897
S0284,-2.668380486845653,0.6876135624699355,-0.13771567546931834
S0285,2.372601594261298,1.1312016460310415,-0.19867681275430077
S0286,-3.0857015500327547,1.250860902678483,-0.08585704424090579
S0287,2.2937745393990463,1.015555447125755,0.11702639750401658
S0288,0.6694984866661384,-1.741788276185415,0.5053508226425124
S0289,2.682242575683656,1.494972031587332,0.3712915117274964
S0290,0.37812982038590226,-1.549507079781528,1.2580567591904308
S0291,-3.743870388771057,1.6102102571921741,0.00451108092011962
S0292,0.6833914749511596,-0.5594530514658526,-1.209922351586027
S0293,2.0670492705999726,1.4134802533425441,-0.2555326072415695
S0294,0.25249332947343245,-1.783060694562834,0.9169091114543402
S0295,-2.304248531608544,0.883356803664953,0.7546980041608546
S0296,-0.3490600678560554,-0.7551061808990859,-0.9467171043844256
S0297,-2.609518292588291,0.8426557284231372,1.0068667180631539
S0298,0.39431353270779673,-1.6051133382411211,0.7445023642826172
S0299,0.44587004219113413,-0.7727813651776962,-1.2100757513337383
S0300,-2.4208947403847705,1.217290864841671,0.27807484306672653
S0301,-2.8705136932358273,1.581235264651848,0.3073930208222317
S0302,-1.9039014026172405,-0.016959888811802208,-0.3367793173014712
S0303,0.7445539483813958,-1.8205219137154518,0.864224511268199
S0304,-0.5387987523306245,-0.9765022599128595,-0.7028990201498444
S0305,2.5840218355838527,0.815037555152088,0.3885847705738217
S0306,2.5245217335250034,1.6694975710055524,-0.7091926100061896
S0307,0.3839246222942591,-1.8655511768571085,0.748639454258268
S0308,-0.0018804608288594486,-1.3226556606359159,-0.9062371413730259
S0309,-2.712398995909304,0.9200613344855233,-0.0851578001259462
S0310,3.145428711305012,1.5342856003304268,0.22957639197132834
S0311,-2.1179202838446365,0.14099232418787097,0.25001255094872205
S0312,0.9668868718236899,-1.6589873455427904,1.7675459975209598
S0313,-3.3841234007146332,1.2214290191262152,0.1526198626514344
S0314,-3.012701294254222,1.0687624138644019,0.32478635093758607
S0315,0.10065634038364679,-0.9878163611175524,-1.2786127803194174
S0316,-2.623749217992637,1.2055562672007092,0.056473362879727124
S0317,-3.296535528899288,1.1930066331385434,0.5829706007360405
S0318,-2.117632722948607,0.8381816845103586,-0.09757693455457112
S0319,2.9535482807014257,0.6732025965071109,0.2288884879840507
S0320,-0.009237680236348212,-0.8414198197098607,-0.7830601215070077
S0321,0.38531845908859896,-1.123121900421681,-0.7626985649922235
S0322,0.014164149402911502,-1.432676700549998,-0.6383414454595817
S0323,-2.4834419836807258,0.5088679656649343,-0.31192505841517415
S0324,0.047846980999754075,-1.183744718914454,-0.8774577464648095
S0325,-3.3049198217831717,1.1912112910934263,0.12594861194736456
S0326,0.3051748012056959,-1.7741615270710924,0.11120136157593598
S0327,2.690685386022505,1.8155622308198,0.5414796718255378
S0328,0.45782732453192543,-1.5052714216457947,0.9165244408690303
S0329,2.649524967620442,0.8714248715365595,-0.12424005749357742
S0330,2.4482969444003673,1.451932652235115,-0.5443333895340465
S0331,0.5266806957851454,-1.6396932366301917,0.9596488874840865
S0332,0.14325275719070424,-0.8663618964147421,-0.6723038679262365
S0333,1.0499113149651063,-1.3654382960363995,1.5763198097110767
S0334,0.152264847492042,-0.6754768779215687,-0.7865840578634413
S0335,-1.8381324711997131,0.8214518317692018,0.608024228119189
S0336,-0.3882104218558978,-0.7421044300411641,-0.9033195220172008
S0337,2.2592778789297454,0.6674739958666328,-0.0012726421794569953
S0338,3.31636003419321,2.307276048070022,0.6763567217713178
S0339,-2.8863663896792238,1.4101329481696143,-0.08263424549482418
S0340,-2.6589524894209924,0.7046564857307662,0.04980716761740539
S0341,2.5920050744813548,1.2736313854071455,0.045288557383273434
S0342,-2.4170394445708934,1.228392234051539,0.4034999263292624
S0343,0.19616643991840776,-0.8054172187961534,-0.929497295257699
S0344,0.1585562157582608,-0.861921811025984,-1.0008128384000101
S0345,-0.4260061043048958,-0.9484599006586802,-0.23874841908941308
S0346,0.19094451693000564,-0.7493853852344858,-1.1067979780901147
S0347,2.4516039033801857,0.9288286551695529,0.24451322952632104
S0348,-0.37163619232559014,-0.6829064953873084,-0.6095356493943322
S0349,3.5515461208775787,1.9516292647250553,0.25130079054253057
S0350,-0.26804104955372055,-0.5177254693033307,-1.1530450806358503
S0351,3.3531580420985674,1.9703210177019876,0.27589275943109587
S0352,-2.579854634493629,0.6489734138999692,-0.09936164572673573
S0353,3.0866639583560413,1.6893312198327992,0.7506834379973526
S0354,-0.16735005256409088,-0.672712453573113,-1.1373137295637437
S0355,0.3099380724355042,-1.0958022379166117,-1.2698392809717145
S0356,-2.4492537396949285,0.2495610944101229,0.10289806326119427
S0357,-3.385490823616942,1.3109604495218081,0.5829444529300702
S0358,-0.2802237115335898,-0.7722730433495317,-0.7391095316546201
S0359,-2.4834045588593847,0.7650954453540422,-0.15993007179872193
S0360,2.2063322885698295,0.9153040286361765,-0.418941527816229
S0361,-2.507035787601257,1.1533059610357772,0.18188425827934412
S0362,0.39263828218953273,-0.746094471729509,-0.9453721972471085
S0363,0.05851010121098394,-0.8915024152078458,-0.6474592221423243
S0364,0.8609799328930988,-1.5916425146028368,1.026114182778109
S0365,-0.2336188689271818,-1.2226881900770925,-0.7358422398568469
S0366,0.13839903796211095,-0.9513902573415303,-1.218257360636043
S0367,3.08847906894298,0.9236815917372441,0.41572297089821514
S0368,-2.6366356517978384,0.870972762150254,0.37094506223146423
S0369,3.0135056553613597,1.5726500831006818,0.8218440918710459
S0370,0.3473144950415546,-1.699426958194301,0.6584568351657638
S0371,2.6127526694735037,1.0177222605133327,0.25629100305917035
S0372,0.44052983878035185,-0.8433064379211723,-1.1689309041604967
S0373,-0.09555569099237628,-1.374954031889658,-0.8891829659743384
S0374,0.7629279309711017,-0.684993258290983,-1.0585613173227186
S0375,-0.18991777025949552,-0.950791683212924,-0.9247999362579089
S0376,-3.0273558449367814,0.9429010578805695,0.1805550149876619
S0377,0.6982439765968345,-1.5698755063855692,0.780441617366171
S0378,0.26058019991026293,-1.6270132872936065,0.8077896916957124
S0379,0.38592072189545956,-1.7288392173542917,0.5869224035140511
S0380,2.643661563521497,2.3354923619504127,-0.24104169845616957
S0381,0.6237227930211829,-1.6949721733738015,0.676489246305755
S0382,0.03318844516949893,-2.0485800329294888,0.19086706659925134
S0383,0.10241417078626903,-1.1155925193140153,-0.687553362994819
S0384,-0.4336132848853056,-1.1392165433602752,-0.722524666255
S0385,-2.5452217255460723,0.36775471906734153,0.023134642642607617
S0386,2.515551134804983,1.273708299240679,-0.806840971697345
S0387,0.18281274961550076,-0.47733487179953327,-1.24643417141788
S0388,0.803278930059006,-1.0883843293712294,-1.3314338674534802
S0389,2.725608733486178,0.6299372138392094,-0.050100598398437
S0390,0.11177396181670163,-0.9073250324140585,-1.3693276256255547
S0391,-3.263722461354024,1.5627080705176144,0.5409571138054137
S0392,0.053105571558656424,-1.213139850997493,-0.7830485027773544
S0393,0.37089573764165273,-1.5836929300179856,0.7596911970356439
S0394,-3.5910892916472563,1.2325801194307595,0.2546122809645013
S0395,0.6943276368821338,-1.5888615865878575,1.291106824988252
S0396,-2.6989752088215297,1.1027546772238737,0.9748765740682981
S0397,2.363176565173528,1.6136926356518306,-0.32921519051696185
S0398,0.07366843955050692,-1.8809644426668064,0.2114290813914435
S0399,0.696392154207516,-1.5867031050658347,1.1796855860373605
S0400,-2.610376823865002,0.44653931919871664,-0.23108758892675263
S0401,0.0810110489547316,-0.8517278809220452,-0.9922943891955323
S0402,-2.8875504690330556,0.8275901037079465,0.2869515050483919
S0403,0.06978199526912097,-1.7763335321588831,0.7385255635810561
S0404,0.3101284350283287,-1.8468474755125193,0.8227558844303431
S0405,3.0903068556966895,1.5451865831312253,0.8096933759359712
S0406,-0.024094777192042956,-0.7102675826952131,-0.8783535867513153
S0407,-2.859192972900185,1.1583341812223757,0.3530522963508617
S0408,2.5597876693209822,1.4086795018823997,0.8165986776791228
S0409,2.4113155448904697,1.4473745499880355,-0.6638825469413758
S0410,0.5797067739482682,-1.7350132057308065,0.8663570787087878
S0411,0.3978521035361852,-0.8759896363868437,-0.9255936203946742
S0412,2.5324815260081723,1.4464722046214393,-0.5217286026494232
S0413,-0.19471814847667945,-0.7477451307011753,-1.0043761287610933
S0414,2.662009003169024,1.2198442337027209,-0.22941429313051842
S0415,-2.7943186029501024,0.3384285926164012,-0.1579126122212987
S0416,-2.5098959078491228,0.8257428063371323,0.48005816425907827
S0417,2.509052449112541,0.9041361789938699,0.18852001600161075
S0418,0.024078599518322814,-1.1987093292103745,-0.5300810759035375
S0419,-3.4520856996465974,1.151949791604447,0.24274570677742396
S0420,0.8277355110539641,-1.570548506862353,1.4680661191601727
S0421,3.3651581279111804,1.9415077272784629,0.2637085073977839
S0422,-3.417556580418416,1.594873232700197,0.2582105558773299
S0423,2.5995242912320378,1.64196351023412,-0.2008136453458862
S0424,-2.7469402775159453,0.8633587787875613,0.22647013705291819
S0425,0.3382504559613585,-1.3057377206952006,-0.7609087775436576
S0426,-0.06612786961036142,-0.4994393589319469,-0.6804145819603369
S0427,-0.13655904905884897,-0.8823689384969947,-0.9633041786187746
S0428,-2.179662520867359,0.34425647346122784,-0.2134073694874118
S0429,2.6142152874612195,1.474606652386567,0.7132806752135299
S0430,0.16891984431803259,-1.9522381272184186,0.49913448013660383
S0431,-2.025264663684195,0.5687373457396213,-0.21871891859100168
S0432,2.661317992854327,1.0804265517210587,-0.1689058273231917
S0433,3.05672503786986,1.66259817125915,0.07196174032441113
S0434,2.642865055421544,1.083681490999069,-0.32233821670416984
S0435,-3.11029238544986,1.5390141306021456,0.848851190178088
S0436,-1.7895473531809236,0.7540817339172654,0.2994331324851803
S0437,0.34161701179695597,-0.585239624863506,-1.4812569208448156
S0438,2.681070642934375,1.3170483484415394,0.5654870122384625
S0439,2.2401480189433913,1.0723744892199232,-0.5830215718319596
S0440,0.04939311325239341,-1.2088144728268042,-0.7522898176625259
S0441,-0.27369775363849114,-1.2926022183586754,-0.34524526287286433
S0442,-2.5721907253850342,0.6648762191880382,0.15567492841153313
S0443,3.0632068867259377,2.5245615589325157,-0.05857435511496584
S0444,0.5074156011448077,-1.596658423333665,0.8622137511087731
S0445,2.846336502495966,1.4775689549172206,0.1799908369849725
S0446,-0.10006454993780907,-1.1818031133652382,-0.923195305169298
S0447,-0.3479915486014654,-0.8429705435773812,-0.6892974268534282
S0448,-3.16295255501988,1.6839494418174077,0.3459248135489614
S0449,0.21913177235475512,-0.9742457538243015,-1.1586705315194121
S0450,0.5898669419691076,-1.8047023232291628,0.809057853765325
S0451,-2.4463103648928444,0.6763559356975845,-0.25469112203546274
S0452,-1.6731388994329923,0.3928130235622645,-0.30807046413684447
S0453,2.298404403101199,0.9568779417831833,0.029847568896056914
S0454,-0.05309017332055172,-0.7133604314082076,-0.8486506005700589
S0455,0.3090227202361903,-1.461889131745267,-0.8011895817354273
S0456,-0.17560397117252996,-0.9608436499543253,-0.5762985579472779
S0457,0.6273760016691947,-1.7007200385265806,0.6293489007206682
S0458,0.5590491933829242,-0.859364360812836,-1.066655892457645
S0459,2.4150300588877753,1.1158438539430928,-0.3512871941066193
S0460,2.463766235221309,0.6993138025565557,-0.38091303217105305
S0461,-2.7019110007079066,1.029878320455646,0.5996319759453212
S0462,2.634282703128899,1.6733375958777243,-0.12059131993705696
S0463,3.1011716916519805,1.7478407966668152,0.7279040345594681
S0464,-2.9546444101686657,0.8477455173466589,0.1696058559923797
S0465,2.820062546072582,1.0597850469738876,-0.14470210231175534
S0466,-2.1895839726976396,1.2048455198352144,0.6408705911188649
S0467,-3.410651644926704,1.1432934100261432,0.5495796734832403
S0468,0.2662111847177135,-1.0325395561928994,-0.7241058527627042
S0469,-2.70225191056901,0.7925962331714095,-0.36059160345240987
S0470,0.3356402748408296,-1.9806440872004907,-0.08928519665374735
S0471,2.542065037317547,1.2088126167832538,-0.02690205778018842
S0472,0.18579465339145956,-0.9269415005534866,-0.647222721640877
S0473,2.3015775699718084,1.0975203477457423,-0.20703379755699952
S0474,2.6339868224928247,2.0079509731144216,-0.37459946462700294
S0475,-2.414337891863145,0.6100784707321371,0.26685523069918926
S0476,-2.7627415332284464,1.2198363133834194,-0.026482805132178378
S0477,-2.5761257411437906,0.7358232709103101,0.07494015712071861
S0478,3.1506794283526283,1.9327816821533297,0.14191705986919825
S0479,-2.631589878979041,0.9007617552842658,-0.09910259436446706
S0480,-3.108643785817915,1.0662555628133759,0.35596307013770373
S0481,0.40969493296124515,-1.3303761112027748,0.7552766999888412
S0482,-2.4558786102025905,-0.05697257283097718,-0.16434379451768127
S0483,-0.5420631308554006,-0.6591643085017387,-0.7672734896756548
S0484,0.6248424346702662,-1.8188375278669775,1.5296253073558272
S0485,-2.9628752137737373,1.4524963053967355,0.6734093703863377
S0486,-2.7409574393525857,0.9629601952986392,-0.11093499065988133
S0487,2.9728687153753124,0.9560515869695169,0.3483011086893232
S0488,0.5700523991205603,-1.6531975810977058,1.5955684477563223
S0489,0.6712399457559713,-1.8791899403321,1.4168992790962787
S0490,-2.8063864906829052,0.950432160198932,0.13423228016725158
S0491,2.9860818297835423,1.5327091993865838,0.29810428613108214
S0492,0.5356484770900058,-1.3638105175683408,-0.48344502513105786
S0493,0.1270709268761444,-1.93302032390884,0.26984322931555077
S0494,0.13161364248439195,-1.7034299220582858,1.0987706805684274
S0495,0.4390815252067962,-1.954444950251795,0.5144423422905233
S0496,-2.8424920716448034,0.8303558335280575,0.5180471656216243
S0497,-3.0226981525475667,0.9993923681521916,0.15722935040995867
S0498,2.9696932305237507,1.5712469164168161,0.42554266910139904
S0499,0.7264075736743201,-1.7809493203829576,0.7873971073147767
S0500,0.4516739470085835,-1.2279126178562794,-1.3661461424249786
S0501,-3.139095151941814,0.8651298991397505,0.10587127203549208
S0502,0.45855366803821707,-1.8822682551342929,0.08709588800921127
S0503,-2.034390281730508,0.6526300182924694,0.8429697644692138
S0504,2.4696269568163807,1.5333044886590752,0.16986206598553127
S0505,-2.98486934859964,1.0172772335501303,0.18590818279599658
S0506,0.6263401902282553,-1.6118792070208439,1.944612049991922
S0507,3.355836643590169,2.2148689108619664,0.5245974664909561
S0508,-2.39194262918844,0.09878969221985757,-0.19466622574697157
S0509,-2.2738303083051834,0.5089960463470424,-0.011439567226034009
S0510,0.9371956044047631,-1.5031788909758639,1.1674831119942486
S0511,-3.202099204991171,0.9569534271481457,0.49094560520694996
S0512,-2.9429976385139875,1.0113323347351297,-0.20994259352354594
S0513,0.8611292469307964,-1.5272178756616503,1.5159938682126406
S0514,0.6640163371867949,-1.7723136784773381,1.1426720253224325
S0515,-0.04727646758071622,-1.0247788105490498,-0.7143757623832059
S0516,-3.150072115789706,1.0654171525117515,-0.10609532921112136
S0517,2.5860266548525166,1.1077041847136782,-0.14890713263264233
S0518,-2.027413605527991,0.7993732228855266,-0.00837078096133892
S0519,0.21670644297386193,-1.4461533454213313,0.20264701997304335
S0520,0.7305832327815793,-1.5773938051415377,0.49884078546006466
S0521,1.171929355594324,-1.4034470674535315,1.2463867289022401
S0522,0.07820072389294064,-1.2539651285115183,-1.0276482169325198
S0523,0.37771464890811496,-0.9868727182254173,-0.9679649062208682
S0524,-2.7262256564741674,0.8320236288306161,-0.15706456955768605
S0525,0.4555092954965982,-0.8616017591564911,-0.888941863471256
S0526,-2.52044953978981,0.7152691917088186,0.38678494036085254
S0527,-2.7214323996566856,1.2037519661241838,0.041119695235349876
S0528,0.056874242031451645,-0.9386353947660533,-1.2412222886865154
S0529,2.7333934627598504,1.620054103669247,-0.013916850549675425
S0530,-3.4172713215551354,0.8383698333612647,-0.052221479207961885
S0531,0.8547043719034274,-1.8633499876790567,1.2080252228594748
S0532,2.747409758750015,0.9621964851166006,-0.3314381674809
S0533,0.03632503432665935,-0.7070949218393527,-1.2303335506065916
S0534,1.0706527796577656,-1.4527226308325716,1.0596058652667228
S0535,-2.62558970280558,1.0840685899467406,0.3308625104224789
S0536,-0.2452584797926711,-0.8141462588217228,-1.2460287708588615
S0537,1.1575794249151394,-1.4315674155300968,1.1465336993295836
S0538,-0.30444532908064786,-0.6007588224257077,-0.8183901116837111
S0539,-0.13021244940016186,-0.7543944678976474,-1.1317827352298735
S0540,2.5093774797108668,1.422223817928066,0.11388568285679859
S0541,0.4039997737412524,-1.773644411543644,0.27168876382181495
S0542,0.27183614291110225,-1.5633073161009199,-0.38183104295049725
S0543,2.944871424530933,0.914738064905717,0.05646177991881536
S0544,-1.5842361957358218,-0.01709147351710976,-0.17775881251221481
S0545,0.6074732200222177,-1.9389671815143732,0.3479284784591448
S0546,0.060772415946266235,-0.7681780632075093,-0.6308965219558054
S0547,-2.894766856146044,1.46680221272686,0.10758102502844286
S0548,-2.3634441963350548,0.8552651634293489,0.9450913095676177
S0549,-2.168514184411428,0.7630979887340864,0.31696892427352547
S0550,2.6367683952713237,1.0587708542849508,-0.3274887976227444
S0551,-2.3050406347843713,0.6801248958678195,-0.12458239764345008
S0552,0.7976387256497878,-1.6276236110347118,1.5783753783600964
S0553,-1.9390171048782798,0.29063093761442466,0.31508835481893704
S0554,0.8095954013396762,-1.5279769803740528,1.3600211691490274
S0555,-3.3502845676213338,1.293812071188169,-0.13841928240998175
S0556,2.8496586987545607,1.4890988809697938,0.3512976734391248
S0557,2.5577599379470914,1.2852764898915336,-0.3261514315997748
S0558,0.6545985371020799,-1.9501509467395888,0.6062844394325477
S0559,-0.16000407460205152,-0.9296088614164966,-0.4908354975262504
S0560,2.624685609062347,1.1307231423068478,-0.5706862828464057
S0561,2.422307164839944,0.7898438559768824,-0.7542358634505582
S0562,2.358594637373224,1.0035132328579055,-0.22546982020653933
S0563,-2.610339786793484,1.6977819706150958,0.27657282052107585
S0564,0.7381279484579408,-1.734063649191855,1.298695763649899
S0565,-3.318057994438741,0.48131400153884346,0.09462233866993841
S0566,3.19686177818392,1.7408651090051719,0.27042089815407505
S0567,-2.7837822895034083,1.4801715525322936,0.6138768576947933
S0568,-2.5988245552803466,1.00822106575324,0.16020164862891173
S0569,0.6567601868444131,-1.0976553600249024,-1.2320632528151028
S0570,-1.8559877362935095,0.5157245944715972,0.22561038208574324
S0571,-2.601223372346185,1.1317984438010895,0.3399164873447823
S0572,2.367045617150533,0.7625392568691437,-0.33458947816331525
S0573,0.5695734469963816,-1.802744407339577,-0.04578996951671893
S0574,0.06619050621969808,-0.8785640240991731,-0.9345278400442476
S0575,2.409448640849952,1.071682404512736,-0.11438364690474795
S0576,0.015621826808467262,-0.7776758855559968,-1.0011766301514744
S0577,-2.974258192336458,1.1453722634128682,0.2536948488419093
S0578,2.3870879794056465,0.8330345683415428,-0.20428843429741833
S0579,2.5726459507814385,1.405401580889587,-0.18309877280262005
S0580,-0.36738798057156113,-1.343832767737746,-0.7867434358021221
S0581,0.11360523583771465,-1.26711236148337,-0.768505307274836
S0582,-2.8335954281602884,1.309440972024126,0.2703169740846828
S0583,1.0182036889941983,-1.658488777623558,1.7682703193336125
S0584,-0.1362238584657674,-0.8065805113997336,-0.8242980903397921
S0585,0.42598045457781025,-1.8683600723701008,1.1839501805235886
S0586,-2.2903963686612063,0.5860411475352397,0.016400554766808184
S0587,-3.4408114379566057,0.6234424573874385,0.17397143309292468
S0588,0.07701924037983804,-0.8270003816770585,-0.5985312686121136
S0589,3.0150372123023224,1.781703705705672,0.24792473093756212
S0590,0.0874629470773419,-1.872176054657416,0.7408162183416862
S0591,-2.5373766980770545,0.7759797899631833,0.09040720172553163
S0592,2.6915832466013923,1.691398585944393,0.2882145251213497
S0593,2.2608445047008985,0.882710617673846,-0.6228226139440116
S0594,-0.02463793693274579,-0.5412502705631471,-0.9943431251569377
S0595,-3.243805731556534,1.0461146696609005,0.0688623647976882
S0596,0.753205843527282,-1.8637446076514599,0.6189748420408859
S0597,2.6158108376566003,1.3134295777309757,-0.4296289844991397
S0598,-1.8740347993229065,0.8692806147257878,0.10925014190408072
S0599,2.82900509466047,1.656134725568665,0.14086387130835562
S0600,3.094889650306989,0.9666362637578966,0.1410255847354394
S0601,-2.8526384930351205,1.306438227622417,0.3514749436114824
S0602,-2.2211471670421523,0.6200615712974682,-0.21752431441367603
S0603,-0.20611129507737858,-1.34792019461325,-0.8859808598908876
S0604,-0.1456334053833378,-1.1578081226516093,-0.3096333066417461
S0605,0.7655284957011559,-1.6175887478556903,0.8083227534539499
S0606,-3.2218577016529415,1.1768229251332119,0.10996211147253088
S0607,0.5031946998501856,-1.704116377156234,0.7992023363438481
S0608,-2.7464744429072216,0.6977491327073336,-0.0781174000746874
S0609,0.39536322288173437,-1.850566641711501,1.4575723596401269
S0610,-2.741539309393912,1.0641730645926915,0.19686511374107268
S0611,2.8303525278190027,2.030688466879533,0.40005871699277396
S0612,-2.27471232237257,0.6663950567343994,0.0026724720590917683
S0613,2.3197698575527523,1.0405153348037004,-0.019081593676448128
S0614,0.5008160392610048,-1.799643424216103,0.4750475230963778
S0615,-3.3683017638888297,1.7303532797653602,0.4400830212946682
S0616,0.6007210221042675,-1.1631503212431997,-1.0636827179780315
S0617,-2.088866594287247,0.2676902000825267,-0.13790674873430037
S0618,-2.873445385852715,0.779845715323031,-0.010727508098337835
S0619,-2.4337048870522895,0.24721223632972247,-0.20359282455594524
S0620,-0.2316294913053099,-1.18595695798157,-0.8852560441275756
S0621,1.027390801043828,-1.720617352846563,1.310435990308185
S0622,0.16493359379058908,-1.64977520243819,0.7842957377857329
S0623,-0.08621242488256163,-1.1015476271230658,-0.9094859599895166
S0624,2.62162895520354,1.0818247735502233,0.07765956920233903
S0625,-2.953664329025787,1.272997555228281,1.0238849643727652
S0626,-3.359156947011696,1.1716212358785478,0.09660473044737429
S0627,-0.09276993580929215,-0.5028841882350591,-0.6260104797599049
S0628,0.7618026525066786,-1.0068814718140295,-0.9126114570890225
S0629,3.191524128090394,1.3734809684293134,0.6746137419916167
S0630,-2.966580685486868,0.7505206595631594,-0.03959045054825466
S0631,-3.3235370188606344,1.206301733076312,-0.018497411975280043
S0632,0.2076915926969924,-1.1208439170696376,-1.0814698286672073
S0633,3.073772207036256,2.069311572715466,0.6425892809423254
S0634,0.25167789695455756,-1.061218740962508,-0.8144727190656798
S0635,-2.8853452241461013,1.072177327361647,-0.2956956756878922
S0636,-2.4426581088989896,0.6727672595782386,-0.23761639856530686
S0637,-2.3219002594978733,0.4111111482094093,0.6233735154167502
S0638,-2.9610910881953534,0.8381026609875487,0.05443734374918208
S0639,2.5096286438862014,1.0245807261323843,0.04086807182414856
S0640,0.24004000286378485,-1.5974844554398415,0.7767699417316551
S0641,0.7805578662547411,-1.564222862030242,1.8218795749759094
S0642,-0.5671628430182243,-0.9902222211186028,-0.6405162651598444
S0643,-2.258902714584978,0.9105871309127007,1.010408139608135
S0644,0.7879723524295391,-1.487418864805513,1.4948839482897571
S0645,-2.029422105759115,-0.09195848603890908,-0.2333329550322324
S0646,0.8404074501725628,-1.1397255990350168,-1.1914589727599796
S0647,0.32007798879610466,-1.4112772545940746,1.4372484484347001
S0648,-0.06961495641895245,-0.8329199601788921,-0.854896184273829
S0649,2.657635083051223,1.4088153036585278,-0.2014225299485048
S0650,-2.693684168082155,1.2706132465709667,0.16892260053905556
S0651,2.482259171824779,1.3604674565835402,-0.03399260052209238
S0652,-3.2047388817102025,0.8820031777541146,-0.15062504596798582
S0653,2.86110549674212,1.6015105156541707,0.6568243202933368
S0654,2.8618715836032704,1.7838287656675456,0.17305440442196018
S0655,3.021397131957128,1.7154207454381605,0.25952157168419343
S0656,-0.12231789102782935,-1.014314767529529,-0.8746524573318475
S0657,0.15606597825792984,-1.0574285727319475,-0.9361179874789232
S0658,0.11229601673733758,-1.5975385023987712,0.5724539023118806
S0659,2.410146669862707,1.417843492526525,-0.03460511161419011
S0660,0.5735976555044526,-1.8237932425281995,0.5546491802517564
S0661,2.77152064193803,1.4788955500580547,-0.11360854843475365
S0662,0.406067755602687,-2.084697705518892,0.30468510181442027
S0663,-0.15767078513323024,-0.9629838212351988,-0.9681120592226584
S0664,-2.3988628630325075,0.6877019703301741,0.3756675796363283
S0665,-2.698121814078823,0.37234780417006513,-0.1667134530670445
S0666,0.16334377113777127,-1.034799153833962,-1.130384895581371
S0667,1.0184657054339448,-1.0061900871004317,-1.2539973804866464
S0668,-2.893203975836413,0.9548127840780614,-0.13636245335992464
S0669,-0.02099200249243239,-1.1168043008953885,-0.8839451556083464
S0670,2.940488375625579,1.9150215228363523,0.6540060661774558
S0671,2.6110960670413963,1.2364264400315503,0.5053052387397104
S0672,2.7234158024521684,1.102472236303864,0.622014129482491
S0673,-2.592981910365206,0.5079759996171611,-0.25052082119824204
S0674,3.09640867320747,1.8731547495832102,0.46231809911991084
S0675,2.566780351553025,1.88279138385077,-0.3958857894757723
S0676,2.7938113028391887,1.3925726394202527,0.39094376169384576
S0677,2.708243418984998,1.6440901008298479,0.42454372444414346
S0678,-2.5744558295894033,0.9801056415695449,0.19145206755130312
S0679,2.761151296072761,1.4633663227115825,-0.2980158893134164
S0680,2.8667760823687005,1.514328457526077,-0.11929388707243832
S0681,-0.13807797509260308,-1.127152278985294,-0.6750188786401392
S0682,-0.3339102661150434,-0.7599636739328195,-0.5048533942337454
S0683,2.5953880329237746,1.1984513878106486,0.890040966110782
S0684,0.03370922048954776,-2.0194527790265693,0.8446444085749296
S0685,-2.7365049500012,1.135079402105493,0.07780772155991966
S0686,2.5200096631044513,1.1401354902983325,-0.029891791703668097
S0687,0.6446393020660216,-1.977732237771539,0.2397983111990023
S0688,-2.4594813475384485,0.5651843888719994,0.19044878092436346
S0689,0.3619973586395451,-0.9695789326900948,-0.9832943648868084
S0690,0.6243871357994217,-1.1697883022816273,-0.8478930688445014
S0691,0.2104531883554877,-1.5323571710791652,0.5944137368560909
S0692,-1.7850539273427526,0.18730639466803314,-0.4834991376442263
S0693,-1.6022540789309905,0.0708203181958854,0.19206172995094373
S0694,0.03257293204508772,-1.2499932168925405,-0.7852938782555221
S0695,-2.601348004683739,0.39341678714350553,-0.11362430199346829
S0696,-3.7411661008798593,1.213681339185067,0.12967391205425743
S0697,0.42800780437072644,-1.6621868428556472,0.6308765689798563
S0698,1.016871994201187,-1.6703444428435263,1.273587622284832
S0699,0.5692913222588464,-1.960856483785318,0.9022530712039565
S0700,-0.4198086042119601,-0.7831168680725852,-0.8661829624435429
S0701,2.5641787120004187,1.0337463473631192,-0.19066822449850396
S0702,0.05039618808160896,-1.3593401250019135,-0.6504420682834324
S0703,2.7301776824292983,1.254106755434964,0.8782918738786705
S0704,-2.9560622599243778,1.03062287369686,-0.13308251797604953
S0705,-3.2429145862715822,1.639454064823905,0.05512477071659662
S0706,2.4872934574121675,1.0643077999632693,-0.6928161847426852
S0707,2.4793141003807295,1.0424245550778675,-0.691735761245138
S0708,-1.776006986094078,0.13573830432626477,0.1558974587807102
S0709,2.7551988984305433,1.2901515960735486,0.5939355112241869
S0710,-2.143217533945623,0.33024036878238155,0.3673597024142014
S0711,-1.996514230127693,0.7319470855649457,0.17352416854026537
S0712,-2.985030383508862,1.004275648464956,-0.1868654386094991
S0713,2.442163179381919,0.8112068704215144,-0.6203144558656508
S0714,0.3820178705947844,-1.8612215819168014,0.21623266524040174
S0715,2.494381625835552,0.6334802483601758,0.15527927856918336
S0716,2.632737717775995,1.2820171574844665,0.12644629850309855
S0717,0.3506606661162985,-0.7358591741535724,-0.9860788661170565
S0718,2.772229143011865,1.0434803935511903,0.5495393622496784
S0719,-2.3891480639138023,0.5076039129810943,0.4520613192927161
S0720,2.7470418915040042,1.0979749362137798,0.4075041079521925
S0721,-3.154976522037665,1.5855122402109778,0.30972712315919704
S0722,0.3894199757055331,-0.7693641243168743,-1.2589474343302385
S0723,-0.13844445198751668,-1.0477127756219293,-0.8527712310466393
S0724,0.7874776110733289,-1.6668887179232952,1.3234713514649006
S0725,0.03975177542488357,-0.9753863048736382,-1.154681817224547
S0726,3.1259753322033057,1.3438394136908904,-0.017362794088296912
S0727,2.5964414510016764,1.4608597222536068,0.4840215459420053
S0728,-0.030560602165788466,-1.0909600424340402,-0.9290717341813091
S0729,2.373764406140714,1.1109704251169483,-0.34022946878054555
S0730,0.831480277493366,-1.9154618555347882,0.6712177083508841
S0731,3.059736712221073,1.46546670485858,0.20168067659590116
S0732,-3.477188255069325,1.466972686827977,0.04138861800091309
S0733,0.46439939706298705,-1.2343911479070242,1.0007826767952834
S0734,-3.1742577479846177,1.6125571257213367,0.3943167309915236
S0735,3.064651755859263,1.6272088851871156,0.7179087115898248
S0736,2.9463479626427693,2.163331175755989,0.6162210480288262
S0737,2.192464150399377,1.100281052489706,-0.08190468811591534
S0738,-2.4680361282973604,0.4428699521247798,0.0431525411417879
S0739,-2.463904479967122,1.021818375422208,0.11581690166438957
S0740,3.0549406192827964,1.7784167380870537,0.3945777050649921
S0741,2.5904129294292186,1.4754576884950166,-0.376380213635961
S0742,-2.423498504143244,0.5865003698576386,-0.03626839594950387
S0743,-2.5286526285365274,0.35325248289941374,0.14911929621058873
S0744,0.1805960142878581,-0.8692478786496721,-1.2021295236954876
S0745,0.33954695217019115,-0.9360963674999963,-0.7920016374848251
S0746,2.2332924260520874,1.125570509396549,-0.6903168730585436
S0747,-2.3514131195110006,0.8667041319474199,0.29409647978332304
S0748,2.791622020391832,0.8822316107705671,0.7921268232191725
S0749,0.796844229532827,-1.7187187484351532,1.231169093087538
S0750,0.05196189492841683,-1.288611220647503,-0.8864325139969871
S0751,0.34009984499392015,-1.8404949427514845,0.10047715223717568
S0752,3.1676190968517695,1.660973839601168,0.7290061448551708
S0753,0.6210883391509134,-1.6680451030558145,1.0232728890254683
S0754,0.42474014697663376,-1.5196804653382363,0.644646567714989
S0755,-2.531839192718866,0.6712343547747108,-0.10127343914219228
S0756,-2.0526849203792112,0.7907695055848337,0.08889180667509668
S0757,2.6347267750345176,1.553097892857043,0.6011168372479637
S0758,0.9751584356243717,-1.6276606276779044,0.7799951033665933
S0759,2.9197630394953014,0.8534111509410195,0.38686617581901095
S0760,2.4404509798946297,1.3058140162982332,-0.17978057197272396
S0761,2.7467400892640863,1.0452682138194105,-0.009858644692716967
S0762,1.1887754386922904,-1.6099836254856426,1.2176752093591645
S0763,-2.791707926200001,1.2202923361005011,-0.013499396935063024
S0764,2.94706027438988,1.5335191176058776,0.3728226344536865
S0765,0.1897531783053228,-0.8514568181056396,-0.7607712726832423
S0766,-0.19714476136989822,-1.2148034621197998,-0.8080118512418499
S0767,2.578896345254695,1.9133362187368372,-0.6931317739157008
S0768,2.659018911757551,1.3046198032334657,0.2475455560899134
S0769,-0.20789449645436092,-0.3737223025936728,-1.1121647919966067
S0770,2.934977017690263,0.8913690228851686,0.22130383670306386
S0771,0.21690568938692834,-0.9664773178876027,-0.5103062646841412
S0772,-2.7452208674715206,0.25137014164817223,-0.15436004883148763
S0773,-2.504311210886647,1.2303904741453122,-0.34586035617118177
S0774,-1.9486570448124663,0.41163998840454563,-0.22242572487390577
S0775,-2.757539563272719,1.2182139233549334,-0.24836780933253416
S0776,-0.528100726708264,-0.7778761344827985,-0.8329554846196963
S0777,0.16699794957750314,-1.5080846514164454,0.8880507799754427
S0778,-0.20348879117721563,-0.6960349076596961,-0.9479097967009762
S0779,0.017413424509127536,-0.9294319946666227,-0.9774286281063567
S0780,2.4605398498307505,0.8248094956228824,0.009886822618361268
S0781,2.994896417407819,1.0004099936132929,0.17285205120041952
S0782,0.06840059954558622,-1.0399558166856737,-0.9465662593508166
S0783,2.9521121002972284,1.6082659948155738,-0.026626033499563412
S0784,-3.062742065103879,1.345763162018823,0.6644198963664522
S0785,-0.06553374812758934,-1.043998238213683,-0.9182874575321402
S0786,-2.5894754233327437,0.5204007618874121,0.1483483000594964
S0787,0.28023637791838146,-1.2564400267305131,-0.6991960420679668
S0788,0.9194886508655866,-1.5444030897762846,1.3816727153693935
S0789,-2.619747047845009,1.1945086722714806,0.09252673732248091
S0790,-2.204919893447583,0.8871835791676304,-0.03993073235281669
S0791,-2.150164197661259,0.9718953640642825,0.704650352982259
S0792,-0.031668396147629625,-0.5664869523587895,-1.2549373470919962
S0793,-0.21420728239776463,-1.0382825949403287,-0.8644587255347129
S0794,-0.2595032270518967,-0.8035327505900381,-0.6799049438454288
S0795,-2.6635750406398007,1.2007264650231357,0.38518576054533693
S0796,0.7091251588346081,-1.762115641380948,0.40586197371665966
S0797,0.10010228397292241,-1.497178859315017,-0.7477980876319201
S0798,0.8021806532086686,-1.3355528285527196,1.1998271724904448
S0799,2.7099278844855585,1.4661385189048435,0.45186208946034734
S0800,-2.994452542797547,1.0755161783147353,0.40224976522764627
S0801,0.6408932244089451,-1.9641172315033002,0.981358207674569
S0802,-1.7457197706269292,0.5909981571533007,0.16232885458168506
S0803,0.03459712695042034,-0.9441961219242012,-0.38697125799459936
S0804,0.2735971184733049,-1.1086658710775288,-0.8918747098647641
S0805,2.8692764030068285,0.6677126494757454,0.3300687551227661
S0806,3.036466840313125,1.5012393777041706,0.6219040384184511
S0807,-2.0842097862597777,0.33911583270555695,0.05254286341034459
S0808,0.6773336454699642,-1.284652103953994,1.610783244986607
S0809,2.715369218467593,1.0190517226795592,0.10000424660523168
S0810,2.8001967992534857,0.8454988345414364,0.4645682064079457
S0811,2.5789374215499152,1.4147814461236248,-0.8393279538446639
S0812,1.1394370610314102,-1.514645589094052,1.2966406347828388
S0813,2.8430946489556868,1.4701883179338688,-0.26166144836690597
S0814,0.5533353827268173,-1.6259983467126362,1.527853189301891
S0815,2.9973389048147414,1.501778392299172,0.16625007880621712
S0816,-0.34178695572363965,-0.7126712311238174,-0.8050145922039107
S0817,2.3316190854122363,0.737115756978744,0.29732667992955597
S0818,0.9557344973668085,-1.089909705100605,1.6001462505114754
S0819,-0.6059487315579888,-1.2893644882041322,-0.5738949401249309
S0820,3.0640872011480274,1.7982247946482532,0.671928145381395
S0821,-2.583248410696347,0.6267064377491472,0.5678516758348586
S0822,0.6594782074089167,-0.6187498561623118,-1.1056525667394197
S0823,-2.5746312378770555,0.30295144666800805,-0.1639257382199239
S0824,2.705579072255502,1.0419276074844943,0.294436560610745
S0825,-2.415239869096245,0.7665640816312285,0.23848959970968903
S0826,-3.4069684749474987,1.503240684582233,0.26517948994235085
S0827,0.14808182865763003,-0.8553818650887948,-0.8632256982721402
S0828,0.37331158947576,-1.696886271101398,0.9719643318204683
S0829,-2.8747476065106983,0.8005172276832768,0.16789135389696985
S0830,0.4723315093055511,-1.405955119186872,0.7874448827815459
S0831,-0.07768320597633076,-1.2143181254706708,-0.9484619863885986
S0832,-2.3180464352571426,0.6669187197157487,0.12272927905232478
S0833,-2.4612056960311293,0.7216396798552498,0.0773561016159441
S0834,0.43933854745495327,-1.8066972294996004,0.16803148538751755
S0835,2.850576175523389,1.314849342068794,0.17143952053219397
S0836,-2.535024151185666,1.1493470939523251,0.39144783785095033
S0837,-0.09002720689650444,-0.6965677581971332,-1.1335880759014552
S0838,-3.0175029798574653,0.7517850674430805,0.031815451571421016
S0839,0.3523477897841589,-1.66839644033161,0.09163480151412735
S0840,-2.4135078426614074,0.8981548729932843,0.7579999722222588
S0841,-2.0851132660816947,0.29835066912589536,0.5519371885169575
S0842,2.968133285673286,1.7612904288255096,-0.12116698980732399
S0843,0.25236782302514343,-1.6138126145369154,0.18488843683673917
S0844,-2.8146252243867997,1.1609372974694248,0.2178841444644502
S0845,-0.3323151836412501,-0.6128491490319168,-0.4004775580658469
S0846,-0.08146389010722903,-1.1030755151920844,-0.5495077992923296
S0847,-0.25162781776052706,-0.7808528843247305,-0.6842262927876261
S0848,0.14330871014892338,-0.7440917619869215,-0.9275059790388351
S0849,0.6558834717793683,-1.8846595520151315,1.0945163384715864
S0850,3.185701329796029,1.6248913034873493,0.5032946085730999
S0851,0.3551369119858492,-0.8922845476201448,-1.4317276229202447
S0852,-2.1461457591666604,0.491887970655915,0.05541322431966206
S0853,-0.5007555068991708,-0.7488969226067588,-0.8742755677436038
S0854,2.2667992215216577,1.3505816594047846,0.26342122625250713
S0855,-2.4664288380455277,0.43221554936271767,0.00444937279813018
S0856,-2.6672971822997904,0.6832537298010782,-0.024310503268857503
S0857,2.234702778621682,1.5775496077179376,-0.2875563079773685
S0858,0.19870203388433505,-1.0528220143367701,-0.7329794624113215
S0859,0.15389591637826316,-0.9624266757102935,-1.3056889706557089
S0860,-0.6890461527746554,-1.113015232607135,-0.6416835961345702
S0861,2.6703656020277142,1.3793971049062907,-0.04364495633513374
S0862,0.3063658280273623,-1.221860397909583,-1.2437442403006826
S0863,3.3598789112863585,1.6205133940175909,0.4191849448385875
S0864,0.06492983552793141,-0.8579337233159762,-0.7058535512817041
S0865,0.20317595741706862,-0.9057380488321141,-0.7190595127153676
S0866,2.0952460014543477,0.5877110587813006,-0.23698315201678588
S0867,-2.4946812217976766,0.10069847139611295,0.056859592242209545
S0868,0.14981569144289225,-0.7054668327092353,-0.8791959867819794
S0869,0.029403431950703114,-0.4335608261105515,-1.3068340723291376
S0870,-0.05450223715340833,-0.7076576283408923,-0.8114874757186397
S0871,0.4975829440515695,-1.3186202518391392,1.2356280336184238
S0872,-3.143620335039324,1.2616784359881543,0.0077348380163009545
S0873,-2.9410804481590884,1.277761924436735,0.36683920075527315
S0874,0.31377939781658487,-1.7456372683249017,0.5223483721120677
S0875,2.262746619267247,1.539461044028203,-0.21450437989028276
S0876,0.1259505078239328,-1.1415509303713922,-1.0135308861081798
S0877,2.1433217578431156,1.0197872074541416,-0.414532916027508
S0878,0.6742262829019419,-1.4869965549427562,0.7839798220278513
S0879,0.8822644569636369,-1.5254981676743926,0.6892779123522388
S0880,2.607805981181281,1.507970330485882,-0.18337746052095388
S0881,1.9603831115841335,0.6707913123324043,-0.6455353120842726
S0882,3.1755841085016385,1.4000317191620613,-0.08234674584421203
S0883,-2.716311495525209,0.8190088137614753,0.5296049283448313
S0884,0.43289942392750047,-0.9203483440156945,-1.4045161707887543
S0885,0.43973339575069254,-1.0727704997321583,-0.761019137863292
S0886,-2.5244987035359734,1.1042252115747102,0.2252351303194211
S0887,-0.2714375692973254,-0.8417471943929192,-1.0037996476111684
S0888,-2.915676070110308,0.7148066450698294,-0.17521145941616584
S0889,0.19132285543290822,-0.8485771325265138,-0.9572533300791279
S0890,2.171136817753339,1.3921809684210775,0.005338194522064799
S0891,-0.3138320105461539,-0.9346242147989158,-0.6138008455812711
S0892,-3.2988976997601287,1.1551101365981222,-0.10848683484319732
S0893,-3.0232926324652776,1.44666680920194,-0.0336561111891715
S0894,2.814149171696036,1.2860587420021194,0.31546399823020915
S0895,-3.155849221162679,1.5592329793238648,-0.054927328178336565
S0896,-0.2174153485287752,-0.7469733842385257,-1.1465087313028823
S0897,-2.111391126557068,0.56701869989118,0.0015059499503400908
S0898,0.3054173043069276,-1.9350399162114509,0.5072587261701036
S0899,2.037698563187076,0.9512671741296697,-0.3236303493299448
S0900,-2.1694062202531983,0.6128465879035455,0.12401086456957024
S0901,2.723690327984839,1.4603432642680514,-0.024961073094823233
S0902,2.85106711637079,1.6427363183320711,0.34115597664353753
S0903,-0.10166825044304285,-1.0764479864504193,-0.9641016684509911
S0904,0.025461975799140578,-0.9938258783301852,-0.6519589170693489
S0905,0.7977289228896833,-1.7592411158018817,0.7957800101801786
S0906,-2.081115430515161,0.10075459536941866,-0.2851739497395617
S0907,0.9676502171087249,-1.508966564091887,1.128628783813539
S0908,2.6423920241822487,1.190058564284978,-0.12202840844836421
S0909,-3.1987512664808464,0.6955229897541083,0.20601659716272908
S0910,0.19530912868094008,-1.795054252327125,0.4317501683978046
S0911,-0.05760551450065477,-1.4014951014831685,-0.43980923975947345
S0912,0.27183101489993716,-1.710398898586998,0.28376490520909986
S0913,2.0840358745932286,1.0278631222160965,-0.5175886597311141
S0914,-2.9024363472055335,0.9803913574825398,-0.06350064171179753
S0915,3.264318203175594,2.341211769171307,0.6403343399220823
S0916,0.05653689604429652,-1.5490391697258292,-0.44657290780052056
S0917,-3.34863571158068,1.4967960518926948,0.307820168522729
S0918,0.5445107915493503,-1.4554951075792606,-1.0469049631359215
S0919,-2.0577956344669293,0.5754162110331525,0.29406089168677024
S0920,2.568951030133641,1.209795616485018,0.049269910696642355
S0921,0.3117675471117252,-1.7006902222939657,1.011130726113669
S0922,3.03355493902924,1.131868975256936,0.4686168170468543
S0923,0.22156778038842112,-0.5667762794658943,-0.8274690124698714
S0924,0.19296273822926052,-1.282797357005295,-0.739003880988728
S0925,-3.018698434100218,0.8528863154866787,0.5891147975294804
S0926,-2.800839117500964,0.8917404993259007,0.0839319972514217
S0927,2.9548903173836205,1.4909777235500923,-0.11813747447839223
S0928,3.1345480596685884,1.2333001576749338,0.23965488026408727
S0929,-2.4484708299695908,0.461150678026878,-0.13868414411992386
S0930,2.594156012849325,1.542641485404463,0.5485738905458333
S0931,2.0778510541452744,1.2485759066475706,-0.3989271622598866
S0932,0.9076507545349187,-1.7468928275827464,0.7623718431348017
S0933,3.3261558252480126,1.7938847355688212,0.20484788638070622
S0934,0.155688281249588,-2.0491419328375393,0.08501581091551409
S0935,-0.10206358432139599,-1.1815788896322132,-0.720196927052621
S0936,-3.3793934965378365,1.0272827143394099,0.638330211529436
S0937,0.2585416037872258,-1.8726382596063145,0.607248063834035
S0938,0.1816372531599319,-1.1124957925709034,-0.41057631394049915
S0939,2.3587337832669535,1.173694524972588,-0.6196428219763299
S0940,-2.7681582216791045,0.9499305250199769,0.5301940659016902
S0941,0.6702777518742313,-1.365385462985767,1.2026543884142336
S0942,2.7511860453351846,1.4091237690106504,-0.2818276314575029
S0943,-2.127254705882593,0.10648544789054451,0.2993698078376317
S0944,2.591801255736496,1.5254947032909034,-0.6252766906156235
S0945,2.6113364878391616,1.1174045719745318,-0.035146454108668596
S0946,-3.0634399996026764,1.0966573809067897,0.16338948420122446
S0947,2.6217938305831052,0.7875112006966415,-0.2869755695810746
S0948,0.4604716957303408,-1.554108001802784,1.1675854545969624
S0949,0.7445510492562071,-1.9327961084784426,0.4267743394592491
S0950,-0.48282054343209824,-0.8351138368428743,-0.7695037768582451
S0951,0.6246861427023441,-1.7277560970910872,1.3468607942283761
S0952,2.0290305633827157,0.9798678841712424,-0.566683114208506
S0953,2.7776279044395205,1.8713207555259563,-0.2810727798441783
S0954,-2.7751192059766425,0.9090733760705011,-0.08464815785657892
S0955,2.3040784636793727,1.4454741513993312,-0.3256952323059859
S0956,-2.946535130687337,0.8203799583305137,0.02588414212631235
S0957,0.5025176530864124,-1.7863263636278637,0.7079416106860899
S0958,0.282646386296346,-1.9074118102925575,0.7729706837802812
S0959,-0.5193986763581935,-0.7149072546710378,-0.4891712431055108
S0960,-2.6244885451904314,0.30017545489986225,-0.017583222730912118
S0961,-0.3006405531651511,-1.2836352785248284,-0.804672468877984
S0962,2.7318698788191025,1.872127060482149,0.13878082717516085
S0963,0.5786900888177489,-1.604247223574642,1.1100045272065515
S0964,-2.599956760715179,0.9424664199207294,-0.13625424797993002
S0965,-3.0468388146165206,0.9444628748331042,0.2577928229243219
S0966,-3.4443902451761086,1.0590915421654457,0.15554901073822708
S0967,0.2996408180451629,-0.861861505940487,-0.9574397959324712
S0968,2.900928971960723,1.800266120221449,-0.6723331675326927
S0969,-2.562258110562244,0.5038616066265383,0.08988683469078407
S0970,2.719282752276465,1.578649798544506,0.3075283310413579
S0971,2.8857268502652187,1.688295738998543,-0.4000428900881073
S0972,3.034057982822837,1.0399078563735318,0.2787610900619512
S0973,0.9903216110511863,-1.9132934762965508,0.7603244869568757
S0974,2.8288229510816225,1.2643338370484654,-0.17492874780392442
S0975,0.29177556084054435,-1.9683770843412831,0.7089857020743986
S0976,0.06344520597332531,-0.978104386548619,-1.2338835399175094
S0977,2.678414510457968,1.320022736258835,-0.6573470337938425
S0978,2.8855749464118756,1.5681758434482407,0.3575011934141582
S0979,-3.0906315392779273,1.1653788639960094,-0.10321902834196406
S0980,2.599926177938494,1.465225204967879,0.12377785525941856
S0981,2.377775835233177,0.7589106677697288,-0.3256854970718992
S0982,-2.7652408597697202,1.3491235188622388,-0.03680517013817597
S0983,-0.38095258615119876,-1.0148416331554804,-0.9306029841075592
S0984,0.5360337624557543,-1.7341201153215693,0.8860247180194494
S0985,0.12342090258349231,-1.8494961917641057,0.6600909835143638
S0986,-2.450971060776949,0.4626729402289347,-0.3123860607738219
S0987,-1.9257316279934733,0.4004039840934106,0.033268533548413526
S0988,0.13047757483282907,-0.8471149293640362,-0.8500156700876165
S0989,-0.11044529738255884,-1.339165079611921,-0.7123601749659405
S0990,2.8625065842610815,1.2113477057971278,0.5755985893393629
S0991,0.3144881343713812,-1.339993661531939,-1.1548421914868874
S0992,0.8036440029168546,-0.8674590619684378,-1.2634238718409352
S0993,2.344226889625031,1.4801103446458086,-0.42067139827804517
S0994,-0.0051006299261634695,-1.0748170295396882,-1.0214143014407773
S0995,1.0891040775852556,-1.517805367318482,1.0342265734957752
S0996,2.656094442572925,1.1554314008431774,-0.6197597335453384
S0997,-3.5454134822634322,1.6726098235106666,0.7988552680396666
S0998,-0.32313169960538357,-0.7292898935810136,-0.7165708849865327
S0999,0.5120059698439391,-1.7269225560634773,1.1378383816795614
S1000,-2.9929191271040434,0.9020602314316222,0.22903335627809585
S1001,-1.803541111941275,-0.19949289203591525,0.05766705349323936
S1002,-2.7654978915921133,0.6446604942800314,0.0764475632493698
S1003,1.030547716316289,-1.464370154487744,1.2226908480390957
S1004,-3.340598985959755,1.4413188138999362,0.21569798072829105
S1005,2.9978442618139898,1.2001101056298487,-0.05493341427821358
S1006,2.666436803185278,1.4952713252127001,-0.4051094228375674
S1007,-0.27924174091764103,-0.8447530806052556,-0.7822937105728422
S1008,2.4246870764500112,1.2465167550473493,-0.8389994869382476
S1009,-1.5488285008502876,0.4743023077171745,0.034953394895683776
S1010,-2.408658873473077,0.5353820636891315,-0.2660229385034296
S1011,-3.928470509097435,1.4832901947138704,0.2605985315424964
S1012,2.315084678452348,1.1363668447604438,-0.6852151404086493
S1013,2.9313961696865283,0.9383476458312995,-0.26471728581540765
S1014,0.6477782715981759,-1.784147146844935,0.47356522468081363
S1015,0.45548366819546166,-1.874605704157096,0.1459628604493604
S1016,2.5652350031592395,1.4494086095654253,-0.3415966287476892
S1017,0.8422555798090398,-1.7842825116628565,0.9255620740426032
S1018,0.07253771481036783,-0.9688184090320293,-0.6467460968332435
S1019,-2.4407712244861917,0.9363884808261752,0.27945348922795127
S1020,2.8200056540962293,1.460008590467198,-0.0702167754665371
S1021,0.849986088199057,-1.6040162993364995,1.3498396282257468
S1022,2.6026229199754694,1.7215941249872562,-0.6772810395080786
S1023,0.711705034491532,-1.7942122432166168,1.1972224438789139
S1024,0.41037112613913823,-1.1627996635448665,-0.748724041881039
S1025,-0.8010382246080195,-1.039058425863101,-0.44042218132657635
S1026,1.0280573234567583,-1.8123845543369546,1.4489411306678786
S1027,2.871286711290929,1.4561394027188768,0.6734753759314633
S1028,2.8699423054337823,1.4203123128335635,0.45497758134705524
S1029,-2.841537237715839,0.8424151879115344,0.17674361230545255
S1030,0.3669742786947641,-1.6941545075484772,0.48000174520155925
S1031,-0.4051468718032677,-0.9572345472513055,-0.40015200223505115
S1032,0.36931022325962065,-1.1025471920668302,-0.7427325504527069
S1033,-2.192773957698979,0.7520094580741474,-0.18924671773692614
S1034,2.5460142809468693,1.466458600014572,-0.19164758312854369
S1035,0.26983592001294576,-0.9706594340516984,-0.778283174053064
S1036,-2.188987215636232,0.4529290517174091,-0.3551106042293683
S1037,-2.1371367173117104,0.7333492479002323,-0.0014755466185918387
S1038,-2.5278367667510007,0.8961943899004113,0.2370715616744814
S1039,0.5154102741617185,-1.7254633069488559,0.9002483283088494
S1040,-2.513388749324625,0.40686506282549956,-0.2952743383350683
S1041,-3.2548864626120833,1.1121339360907672,0.2816101057721235
S1042,0.04796235046953643,-1.1062753704271528,-0.4996720010982398
S1043,-3.037655187629898,0.9396199187003059,-0.11270534051431275
S1044,2.3356489003155145,1.3521545155476167,-0.49570497530194685
S1045,-1.9049092450971101,0.7382823383684352,0.6516964492338222
S1046,0.16851851960033787,-1.7927837232534365,0.6875482564858542
S1047,-0.03933887491944566,-0.7913126675444324,-0.8249115715188515
S1048,-1.6200232521600828,-0.057902257891399085,-0.1310805816896446
S1049,0.611835168088298,-1.447757289551116,1.7281538675496413
S1050,2.8863955230695253,1.7011475991998064,0.6135217011605582
S1051,0.13574204546531649,-0.827259343355349,-1.362114814847295
S1052,-0.3265700019220195,-0.6280763107957019,-0.7915004116488586
S1053,0.48997084433545196,-1.8230261728612025,0.10991878148061657
S1054,-2.3147527786242805,0.1668158965184237,-0.14918507176989798
S1055,-2.0972722172858265,0.20282477704648133,-0.28617695927054826
S1056,2.416378767540804,1.3567445396221722,-0.1024024164638348
S1057,-2.126123080028819,0.7715029516106857,0.4111397126458836
S1058,2.810474767027912,2.095080468148181,0.5859532244452541
S1059,-3.0077438578183284,0.8774596787251393,-0.09256846042569938
S1060,0.5352749791271921,-1.784899047907757,0.8781648506919018
S1061,0.6460185235642548,-1.9521088532773283,0.9791702095303025
S1062,-2.2517585740011103,0.3634399562501205,-0.39012534170528107
S1063,0.20240485088385052,-0.8080564974142257,-1.2548366126577606
S1064,2.783157494385687,1.314919117525597,0.2061962021710006
S1065,-0.3825471184725255,-0.7290797433992435,-1.0971008657172099
S1066,-0.4462268634180152,-1.0307708095205146,-0.8302704300335382
S1067,2.940553164919714,1.268441731665627,0.7212657629057706
S1068,3.070806884116265,1.1577306430760823,-0.035291210167898296
S1069,0.40715141567943897,-1.772911248985184,0.5894164769095598
S1070,-0.17664712978924046,-0.6561602580963604,-0.7493906601744578
S1071,-2.867480470694315,1.016342046870318,0.583659818081447
S1072,0.24977138259075354,-0.8456038859525603,-1.1922393517129872
S1073,-2.9922443258695517,1.2915288034660148,0.7181585723136679
S1074,1.0485011210683772,-1.4966565328136343,1.136846018671494
S1075,-2.643634367845491,0.8869552827061019,0.18757125039787276
S1076,0.17872040782521764,-1.3477237605912762,-0.5992384162547277
S1077,-2.262427519397129,0.614496901796758,-0.029968133265322716
S1078,2.665622204100774,1.177378799720453,0.09907620051737384
S1079,2.4481939853587877,1.3589470081132111,-0.5247489295755436
S1080,0.8597047411023311,-1.2540072088482606,0.7144320996972084
S1081,2.86095995604517,1.1888643512202108,0.3052977196142729
S1082,-3.653147760975924,1.2472624043369764,0.3289545886446809
S1083,-1.7675057016578763,-0.33251359779045514,-0.22280376751083075
S1084,2.8518024935854966,1.5079889755764966,0.5464926832328523
S1085,0.6501631983842072,-1.0852197476285124,-0.9516955941341316
S1086,0.17288599214717265,-1.7685798317244645,0.08146117787961377
S1087,-0.6547636979869541,-0.7718659537716609,-0.9251637073666672
S1088,0.8389841061047358,-1.6080508199048378,0.9792742555568585
S1089,2.239884042200685,1.0784709914008552,0.0463846018728581
S1090,-0.2795076339157482,-1.0097235385050007,-0.4711777082366872
S1091,0.1372328143740414,-1.2541580720285186,-0.5002643875251778
S1092,-2.6438688812641904,0.7549219745812222,0.855485640161181
S1093,-0.56708123327551,-1.1922556891500145,-0.6899027475491499
S1094,2.468316680167748,1.4795713871525824,0.24344913036571336
S1095,0.18920956990063187,-1.5913119731701144,-0.03095806787052996
S1096,0.4138060038379496,-1.9461220364476064,0.5540598166325141
S1097,-2.246721867775993,1.328429884097309,0.2353580533364214
S1098,-2.275112794595031,0.7051602870648579,-0.20472848605607463
S1099,-3.099318277138064,1.3428767238837271,0.37326112691694746
S1100,0.4585717746745675,-1.8058919866822243,1.1943761797259165
S1101,-3.203261491743081,1.8077261334254184,0.18963206104129615
S1102,-1.8792130602809691,0.3327872960613214,0.3129765196056904
S1103,-2.7079609243922778,0.2169278845947314,-0.10571537388635349
S1104,-2.048330035653494,0.529366871970529,0.14917680323917398
S1105,-3.027340433847196,1.530999555542801,0.1421415012955003
S1106,0.14991083891990886,-1.4415226214600814,-0.7165662101862544
S1107,0.6840554809340301,-1.7907268573868504,0.6480178653950801
S1108,-3.07108161371454,1.6053022992920194,0.8479227551948911
S1109,3.136509491642,1.406029351976641,0.44870044832846634
S1110,-3.2369933382167226,1.4628933291686723,-0.09633231835930317
S1111,-0.4955132601622354,-1.013971774187498,-0.5700008354407529
S1112,-0.03497085675355086,-0.941220334763959,-0.6289373309310686
S1113,2.8650576451321634,1.5055203466499183,-0.12204924811465018
S1114,-3.2025963055705042,1.3808961963842872,-0.2184350794277642
S1115,-3.675651613540053,0.9595841291107162,-0.031099689342290127
S1116,2.699391251674223,1.1237181428376912,0.23574406294000821
S1117,2.3749456447012007,1.1990180081735804,-0.48495051951455576
S1118,-2.1807090357243326,0.5528204939123664,-0.10468320293430922
S1119,0.37919324906669455,-0.6206450377821767,-1.0778287873428358
S1120,-2.837900028672044,1.1803001494006966,-0.11555943042400907
S1121,-0.08755031353201846,-1.0887293648268683,-1.0121315570995615
S1122,2.744559902585097,0.8461047293127881,-0.007717593436580572
S1123,0.7211374942890643,-1.7469610921367036,0.6011746580313906
S1124,0.007040459414083785,-0.8196748370614161,-0.8872077989760021
S1125,-0.09547443802371418,-0.8578507483787067,-0.9183311053509753
S1126,-2.1198456310470513,0.7665401604093008,-0.04430056380631994
S1127,0.7531367019090867,-1.5074889038259176,0.485963232538061
S1128,2.1514753175213177,1.0385530981197773,0.21849223126079137
S1129,0.4584532313967016,-0.8337240906383109,-1.2509923093741333
S1130,0.6467045743955342,-1.8287949652338165,1.5101296274088463
S1131,2.2914575549414287,0.8267798289161076,0.08135440693770575
S1132,0.7768602146903976,-1.4971789628609153,0.9707510121252325
S1133,0.8759862071633149,-1.883713479264557,0.6589769793178184
S1134,-3.314198021387725,1.104042680975498,0.1166454892408455
S1135,-0.10811262250134937,-1.1517195116521155,-0.7870181590116991
S1136,0.43182101140966594,-1.2055434861704648,-1.1974190742583046
S1137,-0.5194072288072153,-1.177792087661162,-0.7192284981026329
S1138,0.9512330500889183,-1.863278544182504,0.7698862329395673
S1139,2.6245955095933016,1.4284495628921943,0.044242513662402755
S1140,-0.3366038648552997,-0.6332569201516293,-0.516643475052311
S1141,2.626049517661623,1.7524331272545357,0.10555812120520294
S1142,2.475819795512028,1.4431430999965702,0.04008632128884318
S1143,-1.9715432186993767,0.7415872566979508,-0.06727889179227414
S1144,2.4443237413253915,1.688147273429235,-0.12674361941808282
S1145,0.20690492840146008,-2.0862305247711186,0.15542149731123173
S1146,-2.0820117092524275,0.9774963867910694,0.22702478539320575
S1147,-0.263877414302435,-0.7129286844083631,-0.9756909011046366
S1148,0.24622623906573177,-0.990916830584827,-0.8274950040888587
S1149,-3.2138354003408276,1.8154434068259846,0.12140635516343258
S1150,0.06111293085683387,-1.471202708659873,-0.8812336504172418
S1151,-2.7004831754929515,0.68705679829907,-0.14586758823752843
S1152,-3.0339258687935033,0.6014608926011531,0.16366005000899514
S1153,-2.0622078742964955,0.427065119795908,0.20296694063123982
S1154,2.70096296958604,1.515268290248693,0.5068607057078965
S1155,2.4379045740970344,0.9612081862440478,0.1366505654017918
S1156,-3.070052606309942,0.647198024967673,-0.0504107481653884
S1157,2.4578751137085817,0.9160768367341283,0.12302809417319456
S1158,0.6555336160117649,-1.2508970181146748,-1.0243741955129317
S1159,-0.14908589153204999,-0.710355610235972,-1.1090589425231843
S1160,0.42917749084396756,-1.8350192312332974,0.058636784565948855
S1161,-1.6977419592658087,0.3904294867315864,-0.3192190911389817
S1162,0.3498040383391045,-1.0194002061183307,-0.9935955267239576
S1163,-2.20858280859081,0.9139757137603646,0.20976917215279806
S1164,-2.788383003961372,1.0800886166478327,0.17025314605705621
S1165,-0.610354442825705,-0.6725986606140733,-0.9476110517072767
S1166,2.3747319409528767,1.241662148426479,-0.3798343102277529
S1167,-0.06719843894655199,-0.8292299465953091,-0.5246483687143546
S1168,-2.5583687951964245,0.7060240965339657,0.3626074061713523
S1169,-2.617488992894376,1.2297669991576496,0.2246313999249504
S1170,2.3962279951309076,1.5200458671394084,-0.46815229579923096
S1171,0.30739338279169937,-0.9666132438629804,-0.9063296789067443
S1172,-0.2906671735497672,-0.6423901039108504,-0.8284718249752323
S1173,-2.899769192465412,0.7134609694468834,-0.16751074650401265
S1174,-3.0951492592118206,1.621878605811323,0.3122720421756855
S1175,-3.4871411147874873,1.4047990222737337,0.8918406598169253
S1176,0.677368634628787,-1.8900811568305178,0.7622215842059776
S1177,2.537417475822897,1.101249292718201,-0.5157460083781542
S1178,2.4066641816866823,0.9628017831019803,-0.8010615493558646
S1179,-0.2757808995933513,-0.5927634613668867,-0.7638018994194002
S1180,-0.274341849360305,-0.9844345038274511,-0.7842381897743584
S1181,0.4982103176073989,-1.414923317990921,0.4284872034566397
S1182,2.4905179036314147,0.9909151063366962,-0.5924993214130929
S1183,0.17060289920602167,-0.7894488699659653,-0.7710629306884205
S1184,-0.0035788037481007066,-0.42619118614709317,-0.8413468325123132
S1185,0.7132757412702562,-1.7916065548462106,0.7573596784670145
S1186,0.32741511985687693,-1.7084453437552762,1.055207941632565
S1187,-2.32691232678921,0.4374072893358488,0.1605353989590811
S1188,2.8714522735981673,1.5104552467294914,0.5175219983895416
S1189,2.1315893962559063,1.0931029301454054,0.12881318069199388
S1190,-3.284999022132363,1.7769280555332754,0.7315023063158053
S1191,0.33635817344871366,-1.3513064705126188,0.8966804911337107
S1192,1.105226244593525,-1.504472618478777,1.3151793140487424
S1193,0.9318525625810921,-1.6483033298849936,1.314592751604602
S1194,-2.510509716714624,0.7892800926315583,0.08019351146705278
S1195,-0.07310051226660698,-1.3679603932654112,-0.2591917103975248
S1196,-3.424315981450898,1.3727312488152057,-0.05278879355342497
S1197,2.829045956423206,1.4822582571052714,0.673448472681998
S1198,-0.019328011027669213,-0.6273466110917962,-0.9199927395753857
S1199,2.557386702607418,1.035946374990544,0.5258409974499219
S1200,0.37645095091496245,-1.3049690688677749,-0.7799876685583351
S1201,-3.0241278103181286,0.8093178429102702,0.3171076688110439
S1202,-2.914545868787488,0.6820440201612955,-0.3115230114217586
S1203,0.8310825026183919,-1.8347262628497114,0.31346437048527126
S1204,0.5322128007958173,-1.2507129479814503,-0.8064645197052218
S1205,0.551529099769225,-1.770055295653993,0.4198766463251379
S1206,-0.3085845311144614,-0.9006211406506134,-0.9673954274765755
S1207,0.7172311624012638,-1.9892113774448936,0.8614877284625901
S1208,2.3651706011500657,0.884683366898854,-0.48697389888819126
S1209,-2.314558329920038,0.9174642327498133,-0.10385639977875621
S1210,2.7812365304547098,1.9389896532937358,0.4380835723736881
S1211,2.9269258848816295,1.0049951793462795,0.14944459761718068
S1212,-2.4877145560700735,1.6834152465694407,0.9689435355209615
S1213,0.09908825532887554,-2.1207093662427603,0.10744567764508757
S1214,2.9954784607973424,1.4952951232772307,0.21625610902462142
S1215,2.2694894768151253,0.7690530970762289,-0.045420381009113026
S1216,-2.4411388182352245,0.5866813663174701,0.32332756913438615
S1217,-0.48351025402637565,-0.7327296716880332,-0.6431542789866358
S1218,-2.499853308903885,0.6188552941982651,-0.24967818449088924
S1219,-0.024843246098679793,-1.7890216318279655,0.5649704525665498
S1220,0.581145274061492,-1.6990717820814334,0.4083964438550322
S1221,-2.712285781597313,1.0520685098918585,0.8354096917886287
S1222,0.3095605416907533,-1.6655431641886844,0.8814758568406105
S1223,-2.071857285679527,0.6409023460874509,0.15880497894318285
S1224,0.8360477849315155,-1.361909797104782,1.3014008807496162
S1225,0.13376857435348666,-1.5366027310067376,0.5710404887976559
S1226,-0.3718167442645373,-1.0922652824174857,-0.6557036995680707
S1227,0.1279402084577634,-1.7451157096988785,0.9078019584331354
S1228,0.6402239594392403,-1.6936636996794052,1.4992951444787244
S1229,-2.133854535681964,0.699212523417593,0.11845212372514687
S1230,2.7236254891298817,1.1611836831202833,0.37206069040127826
S1231,0.08521134746613543,-0.6006047365372599,-1.2733620738474067
S1232,-0.522743383109187,-0.7249447349035294,-0.8565426302118742
S1233,-2.664708549758591,1.178681628186414,0.3153338906668199
S1234,0.26177285251441257,-1.4655170137359534,0.7907442893669325
S1235,0.5097725545704244,-1.112336449332993,-0.8142713170539448
S1236,0.10151062427354117,-1.0791745749817425,-1.065138488875614
S1237,2.2146613210787964,1.1408669808713654,-0.356914544146216
S1238,0.37772307483763046,-1.7280995585306105,0.5690929127232589
S1239,-3.4048196508373,1.9226117151721247,1.1200494084469197
S1240,-0.1871270430566273,-1.0653468018650465,-0.8320663210418491
S1241,0.9378313037205526,-1.7783831748387802,0.9316739029304941
S1242,2.7918636761828095,0.7391701866652994,0.18039523026564624
S1243,-2.819638145821107,0.8817399773389448,0.14389390937687463
S1244,0.23121737636996276,-1.775538664750468,0.5294425206815312
S1245,0.26791982853130086,-1.0120089267530055,-0.41159839565874873
S1246,2.604842137947502,1.3839770354476553,-0.38919799086118306
S1247,2.138802050280883,1.4251174009178955,-0.19389400746472246
S1248,-2.3316506954787317,0.8990781655620105,-0.052847074436665864
S1249,0.6646268690835297,-1.4399062237600422,0.8855634724662305
S1250,2.5374108283256724,1.1833248264397165,-0.7130483797898566
S1251,0.4138083442116624,-1.9560248018862478,0.38607510649103277
S1252,0.4034835729466932,-1.0636588215893175,-0.6769277293948193
S1253,2.9712923391088304,1.3302419404070145,0.08552937002193531
S1254,-0.07312636901920462,-0.9115479731406317,-1.0999929340673889
S1255,0.5832663327975507,-1.4389868638894407,0.8536121789574245
S1256,0.3061776920743922,-1.0886007578037398,-0.5217190509703167
S1257,-3.230657647244761,1.7623036331048068,0.9749365216449215
S1258,2.996268649790791,1.6585630289605455,0.19817531274399697
S1259,0.5420053134741238,-1.1965792598896594,-1.1093967586308142
S1260,0.38922938910051125,-1.5603491170128148,1.387187727022613
S1261,0.4929022954539781,-1.2275971874061786,-0.9768092809474818
S1262,0.785939962668339,-1.7055702567149569,0.8601251330519104
S1263,-2.6661985138296633,0.6350382587900998,-0.012604266682753634
S1264,2.8270768856892223,1.6625100909967854,0.3448645783500066
S1265,0.4793624901599267,-1.7039671344304346,1.1278797136910608
S1266,1.9944037724772485,0.6257159239958154,-0.38391092946905575
S1267,2.817461162478132,1.2495206973786614,0.6476175564950791
S1268,-2.601087256276858,0.8771680680313005,1.0214144039813207
S1269,-3.1238383728128047,0.6771083031807521,-0.018223183825818945
S1270,0.5874465697987047,-2.0452985198351237,0.6843688838568973
S1271,0.7112386207478932,-1.5232919978996946,1.214687245255079
S1272,-1.5827941353224928,0.5659129366650594,0.11004980659849822
S1273,-0.2322939789720092,-1.020877386316684,-0.8894486434236997
S1274,-2.419223773550454,0.480686118582297,-0.03791132928054253
S1275,1.313134004736869,-1.3639923808767676,1.4279094882792884
S1276,0.33935664514345476,-1.0607863033230025,-0.6190253222555724
S1277,2.9516372959047343,0.9343893386433882,0.4123294743128697
S1278,-2.8358585456521106,0.7462845680074269,-0.0581855795440053
S1279,-0.28409751067550665,-1.0785521883264029,-0.7711287861513685
S1280,0.9098421124484772,-1.9645064733855375,0.784454786468562
S1281,-3.3679097502504622,1.4645489690267754,-0.07920490517612078
S1282,-2.427288498776625,1.386947335528062,0.2090805005391443
S1283,3.0841704565518846,1.544203379605671,0.2941378665832113
S1284,0.1401767007458109,-1.2884592407808202,-0.6460629634333475
S1285,1.011100983641071,-1.3905919018557342,1.091739240099926
S1286,-2.859311135997991,1.2183237073343909,0.2634166727156932
S1287,2.629409142851537,1.4864060634936878,0.11072040146065534
S1288,-2.060535950118845,1.2717950226028925,0.5210108818303791
S1289,0.0447232867480429,-1.0005001145812746,-0.9892084900013167
S1290,2.7509143562160374,1.3735455147199507,0.30795081293546017
S1291,0.021248837432287317,-1.2168180784024814,-0.840720881361531
S1292,2.8556172299483387,1.1035503894216356,0.7181044907799352
S1293,2.4718887413528767,1.4950251626209232,-0.11019606407475968
S1294,0.6340648077349579,-1.9341555999747952,0.907368756937561
S1295,-2.0722586964529284,0.30927859260144447,0.3724342839149242
S1296,3.319685027887536,1.7056642769910915,0.36074330071731686
S1297,0.7167220634476208,-1.848243045500395,1.5183197111176296
S1298,3.134107568993101,1.7507627257653233,-0.1507139588244889
S1299,-0.33059230081162355,-0.8789702841981709,-0.4386047392102393
S1300,2.399596476686955,1.041084045021527,-0.5336160723571046
S1301,0.6410018134152196,-1.2342166717474492,0.7441556974438293
S1302,0.4722599316146007,-2.036594110060282,0.3591254701006556
S1303,-0.006766131706528936,-1.085354545902591,-1.0058729862004046
S1304,-3.1674700565908886,0.6652538206677522,-0.12735914803964232
S1305,0.6550809738609527,-1.6648359971144393,0.43502326921934326
S1306,0.3919506991069076,-1.3596972397253366,-0.7430391971940138
S1307,2.775933184529527,1.437241262015645,0.2645278342656941
S1308,-3.450859950188565,1.0112560740541607,-0.06076078570191479
S1309,2.688305696686308,1.2246829514498123,-0.31653881944013496
S1310,2.7527355421796162,1.4495729134689679,0.06588351532600496
S1311,-2.871252362255652,0.9661662935649485,0.043376050804301985
S1312,0.7290475303321091,-1.5691642983405139,0.4579517947340869
S1313,0.3730436365706804,-0.9990903849123367,-1.3458902365760865
S1314,0.6700937360514044,-1.8641171275229915,1.079146049163378
S1315,0.43751587568234007,-1.7748379288658747,0.19517065234544284
S1316,0.2775794853816628,-1.9970546686054091,0.44073620961164345
S1317,-1.9048426323465177,0.4642127034399713,0.3687278598506047
S1318,0.07527653949681928,-1.4615869992869628,-0.7325129773290397
S1319,0.8963912332991416,-1.7963880559294583,1.0075143223141367
S1320,-3.381702096663942,1.29564230270528,0.20159469621495785
S1321,0.5051439635063661,-1.8507161947742217,0.9564854275942203
S1322,0.9412152965455204,-1.82412128712372,1.258711774807623
S1323,0.6357527280787224,-1.7359703905513657,1.6012537760726544
S1324,2.443571191577801,1.273088734181545,-0.0495691806429944
S1325,-2.200663092725862,0.38769470064567213,0.03088529905882348
S1326,-2.8260078549376044,1.0756632638904833,0.26014371764226546
S1327,0.7570328800590093,-1.597063436296384,0.7134188163214632
S1328,0.15851692918918597,-1.147073329142671,-0.9403718396299658
S1329,-1.8925464708250874,0.5089939961207192,0.17451942434601075
S1330,-2.773475411732085,0.4710250946690821,0.05505822751019401
S1331,0.49149588750717216,-1.7179872578621207,0.9041463406449906
S1332,0.6177061693877964,-1.58620742324695,0.7833097965272084
S1333,0.15226795575658847,-1.7095885569110476,0.4509890392082007
S1334,0.40799866511777766,-1.5535775945982184,0.9136218002199892
S1335,0.38830338362721645,-1.867559874196859,0.08818719636144429
S1336,-2.5261931974963114,0.15704261483611082,-0.23637763983547244
S1337,-2.4680222594723262,0.983195228894133,0.8218756267700131
S1338,0.1902563429522937,-0.8511527241655229,-1.069141281501462
S1339,-2.1932558909756055,0.6085438977359039,-0.16350049842847975
S1340,-3.136089140213515,1.1806556892540283,-0.07047549256456234
S1341,-3.176207763471737,0.8657848906137111,-0.3342159703690651
S1342,0.11208463870215402,-0.9965630475095437,-0.9422163447107386
S1343,0.8521072292973173,-1.7541483920888572,0.7588405486971688
S1344,0.4866929388615852,-1.3189277107135176,-0.45610267592199066
S1345,-2.8831194949569503,1.0776588125275932,-0.10122154585334836
S1346,-0.2509363210344153,-1.08870818678414,-0.7506002155366629
S1347,-2.696980719933268,0.792567246813014,-0.2409524602169965
S1348,0.032752636588630486,-1.396031750219899,-0.6513165148914273
S1349,-2.6561604496037368,0.47771729899038856,0.023129439986870448
S1350,0.4968186355753714,-1.4935573659898966,1.0384079623937645
S1351,-2.406712242977188,0.7330090241638001,-0.11708079995350379
S1352,2.844740301505113,0.9185146705916442,0.4226804153381011
S1353,-0.05167125154777855,-1.1285982624594968,-0.4472059480891925
S1354,-2.7937275857587656,1.2517603659576377,0.9568511998706482
S1355,0.34741841457950046,-1.9178470691961949,0.39559747451102073
S1356,-3.1425328636113132,1.4944021357431936,0.377421248595612
S1357,0.024180407581086867,-1.1447056825883912,-0.8320767661145756
S1358,-0.5904857457348495,-0.981959869347858,-0.8373722804256467
S1359,0.09639201826655726,-1.1737997697003015,-0.8131578109547895
S1360,3.125439319746808,1.7137654137591385,0.685672335092266
S1361,-3.2325793872853517,0.9861185584620389,0.1726688018175364
S1362,-2.5735282160841595,1.110033143573899,-0.15488048847915042
S1363,0.19916921225238682,-0.7890726440686185,-0.7816426105377383
S1364,-2.4854267205167067,0.6112292374853898,0.24062422647501436
S1365,-2.899476991109285,1.284990432477588,-0.07575644391544159
S1366,0.49209503336472654,-1.859383255743124,0.8377379401827751
S1367,0.47828891079723324,-1.7264197890237374,0.4801533055485797
S1368,0.00628471095182268,-0.9484343438015796,-0.6119001217046083
S1369,-2.2052954817668553,0.5910921998700711,0.6050309123262037
S1370,-2.1166531865246654,-0.004933454746760232,-0.16008505725983269
S1371,-0.24877936967046943,-0.7649565960979167,-0.9014387876105021
S1372,-1.7852502840952098,0.4306363384639748,-0.014690516941393506
S1373,-2.7096507264739476,1.3330997446789543,0.17544452649304804
S1374,2.467691784202504,1.5056602306869,-0.1033742353646952
S1375,-2.898877677226991,1.3578117822076972,0.4385101224703614
S1376,-2.8106975683388824,1.088031262339325,0.5153966038424438
S1377,-1.9565846130389182,0.07179897645583928,-0.15055975685150141
S1378,0.11459650267998751,-0.5567801228788872,-0.8259453964213261
S1379,-0.28582400140822595,-1.0685312099430158,-0.9477914626022765
S1380,-0.08547784022541506,-0.47384124318170684,-0.8268377213881835
S1381,-2.649999324742394,0.5509838209911391,-0.20115547502607067
S1382,3.156771336562635,1.346390362731828,-0.08129347349583632
S1383,2.837110514120339,1.0099823321832648,0.43217180771619723
S1384,0.4072437035177014,-1.4630999358573822,-0.3915603187794399
S1385,2.0985743538189503,1.6442694526343877,-0.26448587357040826
S1386,-0.047359994026503295,-0.7249280990510166,-0.8393469250082632
S1387,2.4384600892956616,1.177165081238175,-0.10863795431157058
S1388,-3.4655423433012547,1.3757629740291082,0.23272803149741184
S1389,2.618336314437229,1.6879497335930163,0.23574236138576066
S1390,-2.4318204655322444,0.5167601492110713,-0.022159765788468455
S1391,-3.1977732261221994,0.7321045658038544,0.5926970053793403
S1392,-2.3456853435785896,0.01940549869526332,-0.026787748944728185
S1393,-0.820327959799931,-0.9588620450588061,-0.34069895951945545
S1394,0.023967902845789986,-1.1700774515882568,-0.47889697273145587
S1395,-1.6882063187709646,-0.23465478841006707,-0.11437833231472677
S1396,0.2708827518441238,-0.8816054552364497,-1.2980840424201405
S1397,0.18748310552774078,-1.8594858612953424,0.19443234743790572
S1398,-2.010953668790604,-0.11297735331882777,-0.28812434954768523
S1399,2.8469365432674683,1.7401216867182647,0.16383426370984475
S1400,1.9566486004501502,0.8658534211583059,-0.052042318004517474
S1401,0.4522907869831784,-1.3284060752573363,-1.1243545743096954
S1402,0.36624213402429134,-0.5525159466242975,-1.5099895718998906
S1403,-2.1816646010368985,-0.018968324216590164,-0.198757512474106
S1404,-2.274988832064047,0.4589637256410663,-0.22741731632497614
S1405,2.341859899393637,1.0731752264897323,-0.38685447856156435
S1406,-2.7606246399377414,1.2400970015441601,0.8539558711049771
S1407,2.7401252565668095,1.3626168837329908,0.3118174095313593
S1408,-2.6953841181637337,0.600469189509594,0.004407759629902308
S1409,0.2877815726309589,-1.326698512513731,-0.5601386328521332
S1410,-0.07311026055149376,-1.1475407566747438,-0.8519564181417165
S1411,2.2275565763131024,1.4224763400294034,-0.22467977344285067
S1412,-3.4724747088625842,1.4681787693077182,0.1085278509901843
S1413,2.6991504296740563,1.200539776893597,0.4530637478108619
S1414,0.2357554959674364,-1.2236441035661805,-0.5736260958653494
S1415,0.47454506584984146,-1.4425562818639803,0.5952564373072756
S1416,-2.8906564548181892,1.0623219847271468,0.9075264257453501
S1417,0.746809961988995,-1.6725415878525935,1.1185966139805
S1418,-2.2470187772670487,0.984351219920224,0.03336566780888944
S1419,2.597823982882284,1.5217794606919433,-0.16318591940388044
S1420,-0.15881478356450263,-1.1519586757607154,-0.49255182994971386
S1421,2.1992742540410832,1.527483772336402,-0.24839672680056363
S1422,2.765740644577713,1.5043264172129422,-0.24345979859863387
S1423,-2.5602335173124677,1.0576354694148071,0.8593694386761037
S1424,-3.1905237770518107,0.9079851327177347,-0.10744449119685456
S1425,-3.248506439155594,1.0739186633230884,0.007387394477312903
S1426,0.4944380242044114,-0.9610580248523912,-1.0451193602311275
S1427,-2.6685416367169066,0.6780853476973051,-0.13694479476221044
S1428,0.8194124779061187,-1.6492226658233515,0.6198091554592737
S1429,-0.2831053591182661,-1.1665569987531679,-0.9675684335649579
S1430,-0.1445562753491234,-1.0325514371936355,-0.8990853515082777
S1431,0.343366895894133,-1.7441987792642075,1.0014172652072415
S1432,0.5835948304370591,-1.1649436472718706,-0.7572105147940578
S1433,2.851331043251932,0.974070145906626,0.25390488779808584
S1434,2.7817279008953264,1.7470029975908559,0.5033950497952641
S1435,-1.9267611789273162,0.8525924264225604,0.5245829127949527
S1436,-2.290300783115318,0.9530042147757471,0.8474034006183091
S1437,0.789583798878555,-1.7455779483957774,0.9844691513124992
S1438,0.24191749880278557,-1.6843549866567284,1.0834763803567178
S1439,2.8846343467050795,1.5773446724339348,-0.07699258345780319
S1440,0.13868663958187094,-1.8828773811307322,0.18516681063193152
S1441,-0.1687394455655466,-1.1958254752635897,-0.6636640994066227
S1442,-2.5757985164569726,0.5702208038396586,0.4262974482457604
S1443,0.149092539667801,-2.025336533976036,0.5226341659061866
S1444,-3.0858437638581977,0.8541986234733735,0.8369459441285383
S1445,2.593914650784622,0.855964495682614,-0.045881855148968365
S1446,2.658589275840879,0.594665316066769,0.42332729297354643
S1447,2.889514864678547,1.4938309463171535,0.1731561885136782
S1448,-2.240671607158206,0.4372247313450052,-0.026446424947617092
S1449,-2.3601515039673866,0.44242199862389736,-0.008314379326778087
S1450,0.6193201892604097,-1.6289458935583858,0.9404288862433168
S1451,3.206454483351141,1.7142399423325165,0.6849032044918877
S1452,0.4196910291679498,-0.8660194471279169,-1.2262202802239963
S1453,2.4247701927001497,1.8010410375710069,-0.3241089244354535
S1454,-3.1425551509957006,1.1629585006717815,-0.19585306022390275
S1455,-0.41221870410863815,-0.8753215656814297,-0.6327953028468429
S1456,0.10648276892080977,-0.8242756777582009,-0.8197974122655025
S1457,0.3309727580528947,-1.7495344587234705,0.5792196438044066
S1458,-1.7147362849124703,-0.16451161309713533,-0.06849326435880143
S1459,0.6759715849543049,-1.4370502100493292,0.9997836122440233
S1460,-2.0234716169954408,0.6686436233782413,0.12136005832173785
S1461,0.22318235653158663,-0.6987917774994524,-1.1118119392685284
S1462,2.7088723148924885,0.8583269874265956,0.3018381586714646
S1463,0.2685143052539133,-1.524406416698658,-1.0811836611204677
S1464,-2.375022469629574,0.8137223602526338,0.27804112713033147
S1465,-1.8978511189200082,0.6834508326138407,0.23836282652568103
S1466,0.05821143483699496,-0.8786605167443541,-1.0135526743170569
S1467,-2.617562265286287,0.9222535692643297,0.5585539590845994
S1468,0.7469820052879725,-0.9691551703674384,-1.02538666834389
S1469,-3.0843562361018155,0.9387701133083731,0.09725016621465027
S1470,3.423986880659901,2.0642451918016214,0.6819822834382898
S1471,2.74707459196343,1.0679430242478665,-0.510767807975935
S1472,0.3278989109199797,-1.6519735527097448,0.9989311839873429
S1473,-2.438028486341744,0.6534192615945735,-0.23916946536362338
S1474,-0.08302861904151833,-0.8903215696525885,-0.8838199939986728
S1475,2.7490406472057574,1.28459460738851,0.3434994786218033
S1476,-0.3066586625169267,-0.8970937406400922,-1.0034114243767454
S1477,0.02424700115792342,-1.8126299725888542,0.11371383099301165
S1478,-2.964438679729905,1.1505323918954447,0.3084370282707714
S1479,-3.277651813847827,1.0167330497626774,0.6197131873775692
S1480,0.145948932925984,-1.8424840342308388,0.19912368642591505
S1481,2.5611763159916086,1.224367013401232,-0.05638214231613331
S1482,-2.3792621435477375,0.5948087016330381,-0.23087409397766578
S1483,0.38879294714334095,-1.6372623930425911,0.9677044362647145
S1484,2.3080855116138927,0.7146466976588771,-0.6107652506196328
S1485,0.0482807268852441,-1.3235959652171483,-0.9988330118043625
S1486,0.1555964259113894,-0.7226740987337626,-0.6898375575049354
S1487,0.6922132944833178,-1.864594389923722,0.5766943046263567
S1488,2.5537731537338315,1.322928315654345,-0.20295366299604795
S1489,0.8889335449878941,-1.6894128192521523,0.9699100577681277
S1490,2.7092720000609973,1.2128912363979276,-0.5306886998045843
S1491,0.3310778471536488,-1.6922179362892542,0.1664122750112586
S1492,-3.187466941693,0.7513711480605659,0.061902632337359376
S1493,2.11597682483003,0.9509372054481234,-0.40634828634838777
S1494,-0.3466396192041826,-0.5801471306721496,-1.0804017866139486
S1495,0.026472570574180933,-0.33912005406004453,-1.013982565753693
S1496,0.23934951745506267,-1.248436822894442,-1.2304010120765756
S1497,0.4343358045200661,-2.0401527167294686,0.6480324791229268
S1498,0.3497228325357637,-0.9045493536249303,-0.9011619654251259
S1499,0.24353996438492698,-1.7530883595970979,0.3342517811783331
S1500,0.49757176137550857,-1.225955128144371,-0.8243869878045
